,Algorithm,Run,Step,Accumulated Reward,Disconnections
0,Lawnmower,0,0,0.0,0
1,Lawnmower,0,1,1.0072423050271913,0
2,Lawnmower,0,2,1.6030361429785578,0
3,Lawnmower,0,3,1.5365246970854534,0
4,Lawnmower,0,4,1.4992544462154087,0
5,Lawnmower,0,5,2.2210226512786964,0
6,Lawnmower,0,6,2.7494222388967535,0
7,Lawnmower,0,7,3.247339999702782,0
8,Lawnmower,0,8,3.7208453775186885,0
9,Lawnmower,0,9,4.165312614337305,0
10,Lawnmower,0,10,4.5776716011935905,0
11,Lawnmower,0,11,4.956149853606212,0
12,Lawnmower,0,12,5.300334436482124,0
13,Lawnmower,0,13,5.610547278456565,0
14,Lawnmower,0,14,5.8877175707165605,0
15,Lawnmower,0,15,6.13323368395484,0
16,Lawnmower,0,16,6.348797333312938,0
17,Lawnmower,0,17,6.536294635727658,0
18,Lawnmower,0,18,6.697690927626091,0
19,Lawnmower,0,19,6.779748538534484,0
20,Lawnmower,0,20,6.805746377219643,0
21,Lawnmower,0,21,6.987913201904923,0
22,Lawnmower,0,22,7.161244892903541,0
23,Lawnmower,0,23,7.334508244755486,0
24,Lawnmower,0,24,7.570964743380113,0
25,Lawnmower,0,25,7.9154178269640685,0
26,Lawnmower,0,26,8.250589944474749,0
27,Lawnmower,0,27,8.5732396904996,0
28,Lawnmower,0,28,8.88216189089799,0
29,Lawnmower,0,29,9.17620170649696,0
30,Lawnmower,0,30,9.453885383657942,0
31,Lawnmower,0,31,9.585950402566864,0
32,Lawnmower,0,32,9.66853100277068,0
33,Lawnmower,0,33,9.708845271026156,0
34,Lawnmower,0,34,9.797530368990508,0
35,Lawnmower,0,35,9.85302628973976,0
36,Lawnmower,0,36,9.900647329199112,0
37,Lawnmower,0,37,9.934147957009117,0
38,Lawnmower,0,38,9.959932183171347,0
39,Lawnmower,0,39,9.978355514858444,0
40,Lawnmower,0,40,9.990702989617759,0
41,Lawnmower,0,41,9.989769068829983,0
42,Lawnmower,0,42,9.940097160408412,0
43,Lawnmower,0,43,9.939221831303099,0
44,Lawnmower,0,44,9.927156301563485,0
45,Lawnmower,0,45,9.909229391015815,0
46,Lawnmower,0,46,9.907044499696783,0
47,Lawnmower,0,47,9.933666305973615,0
48,Lawnmower,0,48,9.949649044418067,0
49,Lawnmower,0,49,9.954323824013743,0
50,Lawnmower,0,50,9.857202974719025,0
51,Lawnmower,0,51,9.764603015252288,0
52,Lawnmower,0,52,9.674323356154144,0
53,Lawnmower,0,53,9.586778737737436,0
54,Lawnmower,0,54,9.508158963175932,0
55,Lawnmower,0,55,9.435527469070939,0
56,Lawnmower,0,56,9.363127100888821,0
57,Lawnmower,0,57,9.301218736955947,0
58,Lawnmower,0,58,9.234304943989883,0
59,Lawnmower,0,59,9.168111402692064,0
60,Lawnmower,0,60,9.120575672738847,0
61,Lawnmower,0,61,9.055202690517993,0
62,Lawnmower,0,62,9.02130419935692,0
63,Lawnmower,0,63,8.98719648153169,0
64,Lawnmower,0,64,8.992306056414805,0
65,Lawnmower,0,65,9.00030350941321,0
66,Lawnmower,0,66,9.059410382677616,0
67,Lawnmower,0,67,9.068733855924254,0
68,Lawnmower,0,68,9.057106329259017,0
69,Lawnmower,0,69,9.154631609423442,0
70,Lawnmower,0,70,9.250748045360895,0
71,Lawnmower,0,71,9.36216196198026,0
72,Lawnmower,0,72,9.527227465668659,0
73,Lawnmower,0,73,9.746833804081962,0
74,Lawnmower,0,74,9.923034403798809,0
75,Lawnmower,0,75,10.066436602919872,0
76,Lawnmower,0,76,10.265777906365141,0
77,Lawnmower,0,77,10.45160444416969,0
78,Lawnmower,0,78,10.57115684000694,0
79,Lawnmower,0,79,10.692811548625109,0
80,Lawnmower,0,80,10.792242236061814,0
81,Lawnmower,0,81,10.879801041119462,0
82,Lawnmower,0,82,11.063196724279384,0
83,Lawnmower,0,83,11.155481347486779,0
84,Lawnmower,0,84,11.345129756255348,0
85,Lawnmower,0,85,11.510442021915832,0
86,Lawnmower,0,86,11.748521268058582,0
87,Lawnmower,0,87,12.004048365650583,0
88,Lawnmower,0,88,12.328226466744892,0
89,Lawnmower,0,89,12.653500029870864,0
90,Lawnmower,0,90,12.992497669707477,0
91,Lawnmower,0,91,13.362823616673534,0
92,Lawnmower,0,92,13.754703725285063,0
93,Lawnmower,0,93,14.190496605985835,0
94,Lawnmower,0,94,14.673757155786175,0
95,Lawnmower,0,95,15.143061058890783,0
96,Lawnmower,0,96,15.32554976341,0
97,Lawnmower,0,97,15.535345268134478,0
98,Lawnmower,0,98,15.988160720846004,0
99,Lawnmower,0,99,16.351338494304755,0
100,Lawnmower,0,100,16.68930610210268,0
101,Lawnmower,0,101,17.0962683201357,0
102,Lawnmower,0,102,17.59024019713121,0
103,Lawnmower,0,103,18.03447553313863,0
104,Lawnmower,0,104,18.425152738881767,0
105,Lawnmower,0,105,18.76092133732081,0
106,Lawnmower,0,106,18.978325067148752,0
107,Lawnmower,0,107,19.12313130553354,0
108,Lawnmower,0,108,19.24674060196145,0
109,Lawnmower,0,109,19.48617021349706,0
110,Lawnmower,0,110,19.592134621240817,0
111,Lawnmower,0,111,19.80581165983763,0
112,Lawnmower,0,112,19.970993155431362,0
113,Lawnmower,0,113,20.186937982229747,0
114,Lawnmower,0,114,20.394651617318495,0
115,Lawnmower,0,115,20.637006742389847,0
116,Lawnmower,0,116,20.869403332661683,0
117,Lawnmower,0,117,21.089210215894223,0
118,Lawnmower,0,118,21.29583788795728,0
119,Lawnmower,0,119,21.488978076645562,0
120,Lawnmower,0,120,21.668544481101705,0
121,Lawnmower,0,121,21.76708627143236,0
122,Lawnmower,0,122,21.78602103343513,0
123,Lawnmower,0,123,21.89018639995983,0
124,Lawnmower,0,124,21.957948287727984,0
125,Lawnmower,0,125,22.01017193083892,0
126,Lawnmower,0,126,22.078725658862332,0
127,Lawnmower,0,127,22.174545896400048,0
128,Lawnmower,0,128,22.212889211887646,0
129,Lawnmower,0,129,22.22064321591707,0
130,Lawnmower,0,130,22.205761736111608,0
131,Lawnmower,0,131,22.230329311948033,0
132,Lawnmower,0,132,22.198823430949457,0
133,Lawnmower,0,133,22.201152434508753,0
134,Lawnmower,0,134,22.182585304939494,0
135,Lawnmower,0,135,22.180134701646107,0
136,Lawnmower,0,136,22.155262688306205,0
137,Lawnmower,0,137,22.100384788728235,0
138,Lawnmower,0,138,22.07151423078102,0
139,Lawnmower,0,139,22.02224802001438,0
140,Lawnmower,0,140,21.954070832208256,0
141,Lawnmower,0,141,21.885838010693295,0
142,Lawnmower,0,142,21.849276075065333,0
143,Lawnmower,0,143,21.790418097470024,0
144,Lawnmower,0,144,21.704368421500487,0
145,Lawnmower,0,145,21.634632509429746,0
146,Lawnmower,0,146,21.5451047544085,0
147,Lawnmower,0,147,21.447658478123614,0
148,Lawnmower,0,148,21.353534399191265,0
149,Lawnmower,0,149,21.297802708609247,0
150,Lawnmower,0,150,21.207261041923513,0
151,Lawnmower,0,151,21.118979305307338,0
152,Lawnmower,0,152,21.031770873157136,0
153,Lawnmower,0,153,20.961368151412977,0
154,Lawnmower,0,154,20.898966698137613,0
155,Lawnmower,0,155,20.84841505277753,0
156,Lawnmower,0,156,20.78180524076173,0
157,Lawnmower,0,157,20.69772260205878,0
158,Lawnmower,0,158,20.62895870700989,0
159,Lawnmower,0,159,20.594269967940953,0
160,Lawnmower,0,160,20.591940460330992,0
161,Lawnmower,0,161,20.593331261468176,0
162,Lawnmower,0,162,20.646042234296836,0
163,Lawnmower,0,163,20.64410006187836,0
164,Lawnmower,0,164,20.63484700313736,0
165,Lawnmower,0,165,20.621127895209476,0
166,Lawnmower,0,166,20.61093890349787,0
167,Lawnmower,0,167,20.64030085442981,0
168,Lawnmower,0,168,20.70613029166971,0
169,Lawnmower,0,169,20.7959810039205,0
170,Lawnmower,0,170,20.895581870869556,0
171,Lawnmower,0,171,20.998710484857362,0
172,Lawnmower,1,0,0.0,0
173,Lawnmower,1,1,0.7958882430660171,0
174,Lawnmower,1,2,1.2900101027076332,0
175,Lawnmower,1,3,1.217933791344596,0
176,Lawnmower,1,4,1.1741160894552642,0
177,Lawnmower,1,5,1.898672807821355,0
178,Lawnmower,1,6,2.438412286843326,0
179,Lawnmower,1,7,2.9636755166473097,0
180,Lawnmower,1,8,3.4797199557711234,0
181,Lawnmower,1,9,3.98230665814946,0
182,Lawnmower,1,10,4.467277925776883,0
183,Lawnmower,1,11,4.9319163840156675,0
184,Lawnmower,1,12,5.374711819773845,0
185,Lawnmower,1,13,5.7946503374056775,0
186,Lawnmower,1,14,6.191099519560159,0
187,Lawnmower,1,15,6.5637049420437865,0
188,Lawnmower,1,16,6.91230929873676,0
189,Lawnmower,1,17,7.236897898435249,0
190,Lawnmower,1,18,7.537569323496419,0
191,Lawnmower,1,19,7.710378317895673,0
192,Lawnmower,1,20,7.757065015693393,0
193,Lawnmower,1,21,7.933122083998353,0
194,Lawnmower,1,22,8.07370024753449,0
195,Lawnmower,1,23,8.19367214726917,0
196,Lawnmower,1,24,8.347749240507051,0
197,Lawnmower,1,25,8.56392197922479,0
198,Lawnmower,1,26,8.745109778099113,0
199,Lawnmower,1,27,8.89170733495265,0
200,Lawnmower,1,28,9.005886385921482,0
201,Lawnmower,1,29,9.090268127532639,0
202,Lawnmower,1,30,9.14766312220676,0
203,Lawnmower,1,31,9.137306560562628,0
204,Lawnmower,1,32,9.114728735029272,0
205,Lawnmower,1,33,9.08428602178153,0
206,Lawnmower,1,34,9.085600163056762,0
207,Lawnmower,1,35,9.07709227914468,0
208,Lawnmower,1,36,9.067834750893512,0
209,Lawnmower,1,37,9.053534558773828,0
210,Lawnmower,1,38,9.03762451622142,0
211,Lawnmower,1,39,9.019960678447566,0
212,Lawnmower,1,40,9.001127479909385,0
213,Lawnmower,1,41,8.974406949751346,0
214,Lawnmower,1,42,8.904608278520543,0
215,Lawnmower,1,43,8.854278476884597,0
216,Lawnmower,1,44,8.793130852760624,0
217,Lawnmower,1,45,8.725051785524682,0
218,Lawnmower,1,46,8.65960224324706,0
219,Lawnmower,1,47,8.60055979647995,0
220,Lawnmower,1,48,8.532083759841798,0
221,Lawnmower,1,49,8.454786957952354,0
222,Lawnmower,1,50,8.355479825286226,0
223,Lawnmower,1,51,8.258101804827241,0
224,Lawnmower,1,52,8.162141700277807,0
225,Lawnmower,1,53,8.068007083356022,0
226,Lawnmower,1,54,7.97950930407967,0
227,Lawnmower,1,55,7.89601823565302,0
228,Lawnmower,1,56,7.814574856178087,0
229,Lawnmower,1,57,7.742238080885315,0
230,Lawnmower,1,58,7.665003489443956,0
231,Lawnmower,1,59,7.5883610078150205,0
232,Lawnmower,1,60,7.522064458652529,0
233,Lawnmower,1,61,7.442849333653226,0
234,Lawnmower,1,62,7.378999936435241,0
235,Lawnmower,1,63,7.311534331812263,0
236,Lawnmower,1,64,7.260145751874504,0
237,Lawnmower,1,65,7.206273661063464,0
238,Lawnmower,1,66,7.171194982922917,0
239,Lawnmower,1,67,7.115820088342915,0
240,Lawnmower,1,68,7.056015453043415,0
241,Lawnmower,1,69,7.059727205171141,0
242,Lawnmower,1,70,7.0849628494984875,0
243,Lawnmower,1,71,7.134210705387037,0
244,Lawnmower,1,72,7.233952829160229,0
245,Lawnmower,1,73,7.3910446555002824,0
246,Lawnmower,1,74,7.532973596856171,0
247,Lawnmower,1,75,7.666807583907662,0
248,Lawnmower,1,76,7.890525583347219,0
249,Lawnmower,1,77,8.13988041441121,0
250,Lawnmower,1,78,8.347635287345971,0
251,Lawnmower,1,79,8.588969346779853,0
252,Lawnmower,1,80,8.792154546921466,0
253,Lawnmower,1,81,8.985211307137469,0
254,Lawnmower,1,82,9.287778408826394,0
255,Lawnmower,1,83,9.45749412889679,0
256,Lawnmower,1,84,9.717100798674664,0
257,Lawnmower,1,85,9.932284830436718,0
258,Lawnmower,1,86,10.206512361327663,0
259,Lawnmower,1,87,10.489722042288978,0
260,Lawnmower,1,88,10.841126687256837,0
261,Lawnmower,1,89,11.179274321906357,0
262,Lawnmower,1,90,11.522780399853323,0
263,Lawnmower,1,91,11.884700096864083,0
264,Lawnmower,1,92,12.252206860826982,0
265,Lawnmower,1,93,12.628099641073065,0
266,Lawnmower,1,94,13.007935828407668,0
267,Lawnmower,1,95,13.341627834997382,0
268,Lawnmower,1,96,13.478300692149551,0
269,Lawnmower,1,97,13.674800049270486,0
270,Lawnmower,1,98,14.232931389313976,0
271,Lawnmower,1,99,14.852524161728754,0
272,Lawnmower,1,100,15.497608029719967,0
273,Lawnmower,1,101,16.290831955446325,0
274,Lawnmower,1,102,17.276549327791002,0
275,Lawnmower,1,103,18.25182725356719,0
276,Lawnmower,1,104,19.194967126760638,0
277,Lawnmower,1,105,20.086398589869837,0
278,Lawnmower,1,106,20.728712304688738,0
279,Lawnmower,1,107,21.16389565920233,0
280,Lawnmower,1,108,21.578594760547812,0
281,Lawnmower,1,109,22.21032922044146,0
282,Lawnmower,1,110,22.537365114583793,0
283,Lawnmower,1,111,23.04214521342612,0
284,Lawnmower,1,112,23.424958262207817,0
285,Lawnmower,1,113,23.87801527809049,0
286,Lawnmower,1,114,24.300103769532043,0
287,Lawnmower,1,115,24.776123342119597,0
288,Lawnmower,1,116,25.2179334638513,0
289,Lawnmower,1,117,25.622648501318128,0
290,Lawnmower,1,118,25.99092800733266,0
291,Lawnmower,1,119,26.3239368876218,0
292,Lawnmower,1,120,26.623205425279007,0
293,Lawnmower,1,121,26.802795263562015,0
294,Lawnmower,1,122,26.88514291674411,0
295,Lawnmower,1,123,27.12054725696832,0
296,Lawnmower,1,124,27.33405705811942,0
297,Lawnmower,1,125,27.53317487976987,0
298,Lawnmower,1,126,27.772470201146735,0
299,Lawnmower,1,127,28.078131655431168,0
300,Lawnmower,1,128,28.271620253198467,0
301,Lawnmower,1,129,28.394210111605492,0
302,Lawnmower,1,130,28.474492132071763,0
303,Lawnmower,1,131,28.624428286416684,0
304,Lawnmower,1,132,28.660290821813145,0
305,Lawnmower,1,133,28.750044747622653,0
306,Lawnmower,1,134,28.79521044735222,0
307,Lawnmower,1,135,28.86282880721026,0
308,Lawnmower,1,136,28.89178937828499,0
309,Lawnmower,1,137,28.876206818198238,0
310,Lawnmower,1,138,28.91979195440493,0
311,Lawnmower,1,139,28.939706271712794,0
312,Lawnmower,1,140,28.913552909403105,0
313,Lawnmower,1,141,28.886041456528808,0
314,Lawnmower,1,142,28.9148090482156,0
315,Lawnmower,1,143,28.892592223819886,0
316,Lawnmower,1,144,28.82759740159143,0
317,Lawnmower,1,145,28.810276116665733,0
318,Lawnmower,1,146,28.739885955399053,0
319,Lawnmower,1,147,28.645636750526748,0
320,Lawnmower,1,148,28.55699973745447,0
321,Lawnmower,1,149,28.532961756001917,0
322,Lawnmower,1,150,28.450090469933677,0
323,Lawnmower,1,151,28.372458787040287,0
324,Lawnmower,1,152,28.29888716156718,0
325,Lawnmower,1,153,28.262644012012693,0
326,Lawnmower,1,154,28.244219184407076,0
327,Lawnmower,1,155,28.255011316268618,0
328,Lawnmower,1,156,28.22683100117442,0
329,Lawnmower,1,157,28.159204205130813,0
330,Lawnmower,1,158,28.115602952433274,0
331,Lawnmower,1,159,28.126189428246906,0
332,Lawnmower,1,160,28.18305896362775,0
333,Lawnmower,1,161,28.237992574567972,0
334,Lawnmower,1,162,28.357716128756227,0
335,Lawnmower,1,163,28.405025085597103,0
336,Lawnmower,1,164,28.450920509774843,0
337,Lawnmower,1,165,28.5001890907758,0
338,Lawnmower,1,166,28.56224043094029,0
339,Lawnmower,1,167,28.7017958415991,0
340,Lawnmower,1,168,28.92251631328286,0
341,Lawnmower,1,169,29.201547906048553,0
342,Lawnmower,1,170,29.513849893951615,0
343,Lawnmower,1,171,29.846447617228772,0
344,Lawnmower,2,0,0.0,0
345,Lawnmower,2,1,0.47030655463213156,0
346,Lawnmower,2,2,0.7221507801299181,0
347,Lawnmower,2,3,0.639361419146491,0
348,Lawnmower,2,4,0.5713291332493,0
349,Lawnmower,2,5,0.8713073040631628,0
350,Lawnmower,2,6,1.0828682220533152,0
351,Lawnmower,2,7,1.2798941393839423,0
352,Lawnmower,2,8,1.4668267632637964,0
353,Lawnmower,2,9,1.6423119518614797,0
354,Lawnmower,2,10,1.8061113627055716,0
355,Lawnmower,2,11,1.9581755614545817,0
356,Lawnmower,2,12,2.098710158428482,0
357,Lawnmower,2,13,2.2279435999767743,0
358,Lawnmower,2,14,2.346127184087456,0
359,Lawnmower,2,15,2.453534575913017,0
360,Lawnmower,2,16,2.5504605341309405,0
361,Lawnmower,2,17,2.637218813866033,0
362,Lawnmower,2,18,2.7141393707855523,0
363,Lawnmower,2,19,2.7453101491810306,0
364,Lawnmower,2,20,2.7589044442746906,0
365,Lawnmower,2,21,2.933210721991093,0
366,Lawnmower,2,22,3.1440009211906546,0
367,Lawnmower,2,23,3.406046824889997,0
368,Lawnmower,2,24,3.7819772402538496,0
369,Lawnmower,2,25,4.328069334483255,0
370,Lawnmower,2,26,4.970413762681537,0
371,Lawnmower,2,27,5.7118969444429855,0
372,Lawnmower,2,28,6.548231244083586,0
373,Lawnmower,2,29,7.464760603500492,0
374,Lawnmower,2,30,8.437715707957576,0
375,Lawnmower,2,31,9.080750090019478,0
376,Lawnmower,2,32,9.592933310005385,0
377,Lawnmower,2,33,10.056958640893363,0
378,Lawnmower,2,34,10.598577941782084,0
379,Lawnmower,2,35,11.073449891754539,0
380,Lawnmower,2,36,11.514327427218651,0
381,Lawnmower,2,37,11.908814860400597,0
382,Lawnmower,2,38,12.269347414388044,0
383,Lawnmower,2,39,12.598125393450784,0
384,Lawnmower,2,40,12.898441100078099,0
385,Lawnmower,2,41,13.114413752559837,0
386,Lawnmower,2,42,13.260175885012508,0
387,Lawnmower,2,43,13.716720006339257,0
388,Lawnmower,2,44,14.173173210838684,0
389,Lawnmower,2,45,14.645390237387014,0
390,Lawnmower,2,46,15.248985214991109,0
391,Lawnmower,2,47,16.06039632430621,0
392,Lawnmower,2,48,16.876943345026397,0
393,Lawnmower,2,49,17.68861190036234,0
394,Lawnmower,2,50,17.612034885634692,0
395,Lawnmower,2,51,17.56240979509697,0
396,Lawnmower,2,52,17.52332460909406,0
397,Lawnmower,2,53,17.493450261021597,0
398,Lawnmower,2,54,17.49598099821477,0
399,Lawnmower,2,55,17.5119926450982,0
400,Lawnmower,2,56,17.512686960429125,0
401,Lawnmower,2,57,17.52394533593398,0
402,Lawnmower,2,58,17.525583817001344,0
403,Lawnmower,2,59,17.52529438110233,0
404,Lawnmower,2,60,17.59182866237278,0
405,Lawnmower,2,61,17.595418085233764,0
406,Lawnmower,2,62,17.696832105639714,0
407,Lawnmower,2,63,17.79518394468465,0
408,Lawnmower,2,64,18.008952672380087,0
409,Lawnmower,2,65,18.230353118126214,0
410,Lawnmower,2,66,18.578107108800477,0
411,Lawnmower,2,67,18.75396150719435,0
412,Lawnmower,2,68,18.866878641108528,0
413,Lawnmower,2,69,19.1637569498833,0
414,Lawnmower,2,70,19.352834386332177,0
415,Lawnmower,2,71,19.518222688734618,0
416,Lawnmower,2,72,19.732547322409182,0
417,Lawnmower,2,73,20.003677923586046,0
418,Lawnmower,2,74,20.198344568488817,0
419,Lawnmower,2,75,20.329842749163078,0
420,Lawnmower,2,76,20.468059226166826,0
421,Lawnmower,2,77,20.576842380589113,0
422,Lawnmower,2,78,20.62630159274127,0
423,Lawnmower,2,79,20.66097290452009,0
424,Lawnmower,2,80,20.671185398552417,0
425,Lawnmower,2,81,20.669934747287723,0
426,Lawnmower,2,82,20.72258050778281,0
427,Lawnmower,2,83,20.7120945337726,0
428,Lawnmower,2,84,20.753261094375777,0
429,Lawnmower,2,85,20.77597711645825,0
430,Lawnmower,2,86,20.843296053556728,0
431,Lawnmower,2,87,20.918210428271315,0
432,Lawnmower,2,88,21.02720864126247,0
433,Lawnmower,2,89,21.138926375776144,0
434,Lawnmower,2,90,21.25679980678246,0
435,Lawnmower,2,91,21.390796884528648,0
436,Lawnmower,2,92,21.5358517240334,0
437,Lawnmower,2,93,21.708471741906394,0
438,Lawnmower,2,94,21.909298379846746,0
439,Lawnmower,2,95,22.102640319789526,0
440,Lawnmower,2,96,22.140947687734485,0
441,Lawnmower,2,97,22.186527226498786,0
442,Lawnmower,2,98,22.319859486908026,0
443,Lawnmower,2,99,22.380244921265344,0
444,Lawnmower,2,100,22.420613591676624,0
445,Lawnmower,2,101,22.478457599371588,0
446,Lawnmower,2,102,22.55907074628935,0
447,Lawnmower,2,103,22.616216783836137,0
448,Lawnmower,2,104,22.652609845591233,0
449,Lawnmower,2,105,22.670957994792005,0
450,Lawnmower,2,106,22.65542966889703,0
451,Lawnmower,2,107,22.618813060815512,0
452,Lawnmower,2,108,22.576209746324395,0
453,Lawnmower,2,109,22.564901202148565,0
454,Lawnmower,2,110,22.518089844234897,0
455,Lawnmower,2,111,22.502893250355978,0
456,Lawnmower,2,112,22.47760143474152,0
457,Lawnmower,2,113,22.471249607349034,0
458,Lawnmower,2,114,22.466069605885163,0
459,Lawnmower,2,115,22.47324555267017,0
460,Lawnmower,2,116,22.481606886120343,0
461,Lawnmower,2,117,22.490347485322204,0
462,Lawnmower,2,118,22.499179891099722,0
463,Lawnmower,2,119,22.50780949382428,0
464,Lawnmower,2,120,22.51593834395824,0
465,Lawnmower,2,121,22.49396011298813,0
466,Lawnmower,2,122,22.43674823783616,0
467,Lawnmower,2,123,22.406067611885113,0
468,Lawnmower,2,124,22.3566754250533,0
469,Lawnmower,2,125,22.30159403026343,0
470,Lawnmower,2,126,22.251061529025833,0
471,Lawnmower,2,127,22.207505504202366,0
472,Lawnmower,2,128,22.147307712400472,0
473,Lawnmower,2,129,22.079945846732716,0
474,Lawnmower,2,130,22.005550850221766,0
475,Lawnmower,2,131,21.944666362201545,0
476,Lawnmower,2,132,21.867088396541394,0
477,Lawnmower,2,133,21.802515556920742,0
478,Lawnmower,2,134,21.732582830955568,0
479,Lawnmower,2,135,21.6699402764078,0
480,Lawnmower,2,136,21.59957855265684,0
481,Lawnmower,2,137,21.515860486580895,0
482,Lawnmower,2,138,21.441139942846036,0
483,Lawnmower,2,139,21.35805589347204,0
484,Lawnmower,2,140,21.26919277995404,0
485,Lawnmower,2,141,21.180638676891423,0
486,Lawnmower,2,142,21.105286437943768,0
487,Lawnmower,2,143,21.022239461611086,0
488,Lawnmower,2,144,20.927249623087633,0
489,Lawnmower,2,145,20.837921024085755,0
490,Lawnmower,2,146,20.741562238689184,0
491,Lawnmower,2,147,20.642278553451884,0
492,Lawnmower,2,148,20.54435050626925,0
493,Lawnmower,2,149,20.462493005322038,0
494,Lawnmower,2,150,20.36576037981695,0
495,Lawnmower,2,151,20.269649147935162,0
496,Lawnmower,2,152,20.173673689662298,0
497,Lawnmower,2,153,20.082752459143443,0
498,Lawnmower,2,154,19.993998528345045,0
499,Lawnmower,2,155,19.908542066680628,0
500,Lawnmower,2,156,19.818018216125896,0
501,Lawnmower,2,157,19.72251923362257,0
502,Lawnmower,2,158,19.63220661434563,0
503,Lawnmower,2,159,19.55374122589566,0
504,Lawnmower,2,160,19.48795468046522,0
505,Lawnmower,2,161,19.4254046217533,0
506,Lawnmower,2,162,19.385698848133238,0
507,Lawnmower,2,163,19.322143080089376,0
508,Lawnmower,2,164,19.25260821073689,0
509,Lawnmower,2,165,19.17892905892,0
510,Lawnmower,2,166,19.104918652549365,0
511,Lawnmower,2,167,19.041155828882324,0
512,Lawnmower,2,168,18.985801785714877,0
513,Lawnmower,2,169,18.935697259931647,0
514,Lawnmower,2,170,18.887103163460893,0
515,Lawnmower,2,171,18.838757953485967,0
516,Lawnmower,3,0,0.0,0
517,Lawnmower,3,1,0.8760345855819626,0
518,Lawnmower,3,2,1.3959805124436704,0
519,Lawnmower,3,3,1.325419666310383,0
520,Lawnmower,3,4,1.2805086937914067,0
521,Lawnmower,3,5,1.9122602760133363,0
522,Lawnmower,3,6,2.3627526387378235,0
523,Lawnmower,3,7,2.789441403773636,0
524,Lawnmower,3,8,3.20085334531859,0
525,Lawnmower,3,9,3.5958633766032246,0
526,Lawnmower,3,10,3.973760093318863,0
527,Lawnmower,3,11,4.3343992305439585,0
528,Lawnmower,3,12,4.678080685025385,0
529,Lawnmower,3,13,5.00504553445446,0
530,Lawnmower,3,14,5.315455124432265,0
531,Lawnmower,3,15,5.609380232419733,0
532,Lawnmower,3,16,5.886800910977431,0
533,Lawnmower,3,17,6.1476161803748735,0
534,Lawnmower,3,18,6.391662060709195,0
535,Lawnmower,3,19,6.527222003850481,0
536,Lawnmower,3,20,6.566421721761311,0
537,Lawnmower,3,21,6.7516401607981615,0
538,Lawnmower,3,22,6.933592179992173,0
539,Lawnmower,3,23,7.130589628691593,0
540,Lawnmower,3,24,7.407609333169324,0
541,Lawnmower,3,25,7.815428393451976,0
542,Lawnmower,3,26,8.268314059466473,0
543,Lawnmower,3,27,8.778308303939397,0
544,Lawnmower,3,28,9.360614736113787,0
545,Lawnmower,3,29,10.032566100140993,0
546,Lawnmower,3,30,10.812649503700266,0
547,Lawnmower,3,31,11.345980738201812,0
548,Lawnmower,3,32,11.725678981836458,0
549,Lawnmower,3,33,12.00455885116514,0
550,Lawnmower,3,34,12.305043789311556,0
551,Lawnmower,3,35,12.537691871062966,0
552,Lawnmower,3,36,12.741762117254531,0
553,Lawnmower,3,37,12.911285698194842,0
554,Lawnmower,3,38,13.056988907134816,0
555,Lawnmower,3,39,13.181366688632,0
556,Lawnmower,3,40,13.287460395800345,0
557,Lawnmower,3,41,13.355446561839697,0
558,Lawnmower,3,42,13.379322410872343,0
559,Lawnmower,3,43,13.578794019579894,0
560,Lawnmower,3,44,13.790499293984722,0
561,Lawnmower,3,45,14.022706325839952,0
562,Lawnmower,3,46,14.349475171429653,0
563,Lawnmower,3,47,14.838494041099631,0
564,Lawnmower,3,48,15.340449366153505,0
565,Lawnmower,3,49,15.834567561376065,0
566,Lawnmower,3,50,15.749364930403447,0
567,Lawnmower,3,51,15.680668860881488,0
568,Lawnmower,3,52,15.616501914405033,0
569,Lawnmower,3,53,15.556226444433083,0
570,Lawnmower,3,54,15.512578337613935,0
571,Lawnmower,3,55,15.474382387196957,0
572,Lawnmower,3,56,15.427650153294389,0
573,Lawnmower,3,57,15.390386796018161,0
574,Lawnmower,3,58,15.348263785161,0
575,Lawnmower,3,59,15.304939101228284,0
576,Lawnmower,3,60,15.302216359257361,0
577,Lawnmower,3,61,15.264829762598033,0
578,Lawnmower,3,62,15.295194410748184,0
579,Lawnmower,3,63,15.335167964204421,0
580,Lawnmower,3,64,15.472366987793784,0
581,Lawnmower,3,65,15.634879219719156,0
582,Lawnmower,3,66,15.920747004384925,0
583,Lawnmower,3,67,16.053248958420628,0
584,Lawnmower,3,68,16.121065305648862,0
585,Lawnmower,3,69,16.330731656756612,0
586,Lawnmower,3,70,16.460925066573775,0
587,Lawnmower,3,71,16.585550093352897,0
588,Lawnmower,3,72,16.760273852450744,0
589,Lawnmower,3,73,16.990247172154326,0
590,Lawnmower,3,74,17.170229683788204,0
591,Lawnmower,3,75,17.314401972870854,0
592,Lawnmower,3,76,17.51612696736996,0
593,Lawnmower,3,77,17.724695157342843,0
594,Lawnmower,3,78,17.888744165151504,0
595,Lawnmower,3,79,18.07493462561536,0
596,Lawnmower,3,80,18.225574157572215,0
597,Lawnmower,3,81,18.36353685841776,0
598,Lawnmower,3,82,18.591368970254972,0
599,Lawnmower,3,83,18.701144834168662,0
600,Lawnmower,3,84,18.88602724382495,0
601,Lawnmower,3,85,19.033664661830436,0
602,Lawnmower,3,86,19.238672688610865,0
603,Lawnmower,3,87,19.454701608287053,0
604,Lawnmower,3,88,19.73096352561166,0
605,Lawnmower,3,89,20.00586681883558,0
606,Lawnmower,3,90,20.29439808369377,0
607,Lawnmower,3,91,20.61297690262768,0
608,Lawnmower,3,92,20.953892960350192,0
609,Lawnmower,3,93,21.332890054953317,0
610,Lawnmower,3,94,21.752667866020367,0
611,Lawnmower,3,95,22.159543318615068,0
612,Lawnmower,3,96,22.318342433857374,0
613,Lawnmower,3,97,22.522147563226966,0
614,Lawnmower,3,98,23.038190661767814,0
615,Lawnmower,3,99,23.558196212776192,0
616,Lawnmower,3,100,24.10842744565202,0
617,Lawnmower,3,101,24.795132603604273,0
618,Lawnmower,3,102,25.651603207742593,0
619,Lawnmower,3,103,26.529963278226223,0
620,Lawnmower,3,104,27.424145134934694,0
621,Lawnmower,3,105,28.32789810165331,0
622,Lawnmower,3,106,28.996883295518554,0
623,Lawnmower,3,107,29.44852386319552,0
624,Lawnmower,3,108,29.903619014308735,0
625,Lawnmower,3,109,30.578010483565556,0
626,Lawnmower,3,110,30.949123781998328,0
627,Lawnmower,3,111,31.527519619292136,0
628,Lawnmower,3,112,32.0081813556183,0
629,Lawnmower,3,113,32.591305545786625,0
630,Lawnmower,3,114,33.169768989201735,0
631,Lawnmower,3,115,33.83204877824892,0
632,Lawnmower,3,116,34.48124004787191,0
633,Lawnmower,3,117,35.108884318427826,0
634,Lawnmower,3,118,35.70998489380214,0
635,Lawnmower,3,119,36.28033987184373,0
636,Lawnmower,3,120,36.81672039950571,0
637,Lawnmower,3,121,37.167749302678864,0
638,Lawnmower,3,122,37.35931219559441,0
639,Lawnmower,3,123,37.774385647860214,0
640,Lawnmower,3,124,38.10919479130088,0
641,Lawnmower,3,125,38.40913333404117,0
642,Lawnmower,3,126,38.757422205584525,0
643,Lawnmower,3,127,39.182620360750974,0
644,Lawnmower,3,128,39.456392193159225,0
645,Lawnmower,3,129,39.64872143990547,0
646,Lawnmower,3,130,39.77952313278045,0
647,Lawnmower,3,131,40.0132221503665,0
648,Lawnmower,3,132,40.09469697667434,0
649,Lawnmower,3,133,40.2626776889632,0
650,Lawnmower,3,134,40.373071763665706,0
651,Lawnmower,3,135,40.52244689204839,0
652,Lawnmower,3,136,40.61248023508213,0
653,Lawnmower,3,137,40.62969357802616,0
654,Lawnmower,3,138,40.7165781397007,0
655,Lawnmower,3,139,40.755352627421374,0
656,Lawnmower,3,140,40.74042079215914,0
657,Lawnmower,3,141,40.72415980138848,0
658,Lawnmower,3,142,40.78606524771099,0
659,Lawnmower,3,143,40.788403418259755,0
660,Lawnmower,3,144,40.72541434271254,0
661,Lawnmower,3,145,40.70741386926713,0
662,Lawnmower,3,146,40.63568382726949,0
663,Lawnmower,3,147,40.54289208198851,0
664,Lawnmower,3,148,40.45835120689065,0
665,Lawnmower,3,149,40.46876827622692,0
666,Lawnmower,3,150,40.393728217500346,0
667,Lawnmower,3,151,40.32499324574037,0
668,Lawnmower,3,152,40.25958657436893,0
669,Lawnmower,3,153,40.24061815196524,0
670,Lawnmower,3,154,40.24406931542654,0
671,Lawnmower,3,155,40.28195486651583,0
672,Lawnmower,3,156,40.27324248750531,0
673,Lawnmower,3,157,40.21634417199819,0
674,Lawnmower,3,158,40.19857648223915,0
675,Lawnmower,3,159,40.2690159519695,0
676,Lawnmower,3,160,40.42114178926003,0
677,Lawnmower,3,161,40.577011267796664,0
678,Lawnmower,3,162,40.84791837960705,0
679,Lawnmower,3,163,40.98829252810428,0
680,Lawnmower,3,164,41.112519245615346,0
681,Lawnmower,3,165,41.22737652420251,0
682,Lawnmower,3,166,41.349164335654905,0
683,Lawnmower,3,167,41.562976676031674,0
684,Lawnmower,3,168,41.86299953048263,0
685,Lawnmower,3,169,42.2197378146848,0
686,Lawnmower,3,170,42.60103495857798,0
687,Lawnmower,3,171,42.99460222028303,0
688,Lawnmower,4,0,0.0,0
689,Lawnmower,4,1,0.36705269274288843,0
690,Lawnmower,4,2,0.5730904618834343,0
691,Lawnmower,4,3,0.4880279922388325,0
692,Lawnmower,4,4,0.4205546295265131,0
693,Lawnmower,4,5,0.8447832273033475,0
694,Lawnmower,4,6,1.2222041010662574,0
695,Lawnmower,4,7,1.6404589527370634,0
696,Lawnmower,4,8,2.1078953760851964,0
697,Lawnmower,4,9,2.626021155536869,0
698,Lawnmower,4,10,3.1940374975079724,0
699,Lawnmower,4,11,3.80852386779009,0
700,Lawnmower,4,12,4.462684275841645,0
701,Lawnmower,4,13,5.1457939230726915,0
702,Lawnmower,4,14,5.8438926493917105,0
703,Lawnmower,4,15,6.541286740478043,0
704,Lawnmower,4,16,7.222440884930798,0
705,Lawnmower,4,17,7.8736957496103175,0
706,Lawnmower,4,18,8.484395232365923,0
707,Lawnmower,4,19,8.886107099864027,0
708,Lawnmower,4,20,9.094554764141526,0
709,Lawnmower,4,21,9.541003249741227,0
710,Lawnmower,4,22,9.90077886840043,0
711,Lawnmower,4,23,10.212658100078622,0
712,Lawnmower,4,24,10.566434691098197,0
713,Lawnmower,4,25,10.991616318641709,0
714,Lawnmower,4,26,11.368367479980341,0
715,Lawnmower,4,27,11.704002275379594,0
716,Lawnmower,4,28,12.002694269675851,0
717,Lawnmower,4,29,12.26547795154709,0
718,Lawnmower,4,30,12.491932477146216,0
719,Lawnmower,4,31,12.599789593057405,0
720,Lawnmower,4,32,12.699170086118892,0
721,Lawnmower,4,33,12.851765070674379,0
722,Lawnmower,4,34,13.088834791346692,0
723,Lawnmower,4,35,13.358361530439106,0
724,Lawnmower,4,36,13.654544781218263,0
725,Lawnmower,4,37,13.968249998730457,0
726,Lawnmower,4,38,14.302436616434434,0
727,Lawnmower,4,39,14.653060157806202,0
728,Lawnmower,4,40,15.015642075272668,0
729,Lawnmower,4,41,15.281589932818227,0
730,Lawnmower,4,42,15.424333184262869,0
731,Lawnmower,4,43,15.728253565229476,0
732,Lawnmower,4,44,15.963174273962025,0
733,Lawnmower,4,45,16.144263139854857,0
734,Lawnmower,4,46,16.321249166739715,0
735,Lawnmower,4,47,16.51028112346627,0
736,Lawnmower,4,48,16.645262586840712,0
737,Lawnmower,4,49,16.733409425917234,0
738,Lawnmower,4,50,16.640966520805865,0
739,Lawnmower,4,51,16.56203178277508,0
740,Lawnmower,4,52,16.494445876882175,0
741,Lawnmower,4,53,16.438406388650282,0
742,Lawnmower,4,54,16.411839353081273,0
743,Lawnmower,4,55,16.4106088367685,0
744,Lawnmower,4,56,16.40982499136793,0
745,Lawnmower,4,57,16.41769597802502,0
746,Lawnmower,4,58,16.40549456113196,0
747,Lawnmower,4,59,16.39580744555385,0
748,Lawnmower,4,60,16.42169233623113,0
749,Lawnmower,4,61,16.390248517823867,0
750,Lawnmower,4,62,16.393665064304468,0
751,Lawnmower,4,63,16.371454959848165,0
752,Lawnmower,4,64,16.38073851616222,0
753,Lawnmower,4,65,16.379383258410673,0
754,Lawnmower,4,66,16.411163480850682,0
755,Lawnmower,4,67,16.394646834079794,0
756,Lawnmower,4,68,16.36695149823141,0
757,Lawnmower,4,69,16.43478146635032,0
758,Lawnmower,4,70,16.527973184539235,0
759,Lawnmower,4,71,16.655121686421435,0
760,Lawnmower,4,72,16.86964449503456,0
761,Lawnmower,4,73,17.204851541090598,0
762,Lawnmower,4,74,17.543064700765246,0
763,Lawnmower,4,75,17.880079494192778,0
764,Lawnmower,4,76,18.39413653609288,0
765,Lawnmower,4,77,18.971208780053324,0
766,Lawnmower,4,78,19.44074193200947,0
767,Lawnmower,4,79,19.915348125024693,0
768,Lawnmower,4,80,20.285236768544515,0
769,Lawnmower,4,81,20.629428032356046,0
770,Lawnmower,4,82,21.126001856055645,0
771,Lawnmower,4,83,21.37265593610558,0
772,Lawnmower,4,84,21.708866880283033,0
773,Lawnmower,4,85,21.91402481464497,0
774,Lawnmower,4,86,22.155477183710797,0
775,Lawnmower,4,87,22.36928971439402,0
776,Lawnmower,4,88,22.644661523222677,0
777,Lawnmower,4,89,22.879320803412792,0
778,Lawnmower,4,90,23.086880767445507,0
779,Lawnmower,4,91,23.279067019519694,0
780,Lawnmower,4,92,23.451870467669497,0
781,Lawnmower,4,93,23.612815225233362,0
782,Lawnmower,4,94,23.76212895516949,0
783,Lawnmower,4,95,23.87641688631546,0
784,Lawnmower,4,96,23.89334765518701,0
785,Lawnmower,4,97,23.9373388323807,0
786,Lawnmower,4,98,24.17071791149335,0
787,Lawnmower,4,99,24.481532077087277,0
788,Lawnmower,4,100,24.841996295876857,0
789,Lawnmower,4,101,25.3283641482386,0
790,Lawnmower,4,102,25.987905359115246,0
791,Lawnmower,4,103,26.701707516578622,0
792,Lawnmower,4,104,27.44302746789111,0
793,Lawnmower,4,105,28.174539792747574,0
794,Lawnmower,4,106,28.727598061966916,0
795,Lawnmower,4,107,29.140835127164685,0
796,Lawnmower,4,108,29.55556004775217,0
797,Lawnmower,4,109,30.18564914780185,0
798,Lawnmower,4,110,30.55775529510776,0
799,Lawnmower,4,111,31.070765575584513,0
800,Lawnmower,4,112,31.455087830586717,0
801,Lawnmower,4,113,31.864851756900777,0
802,Lawnmower,4,114,32.22950623582499,0
803,Lawnmower,4,115,32.640286441747065,0
804,Lawnmower,4,116,33.00443391804939,0
805,Lawnmower,4,117,33.321439147166615,0
806,Lawnmower,4,118,33.593809989163226,0
807,Lawnmower,4,119,33.824797023798716,0
808,Lawnmower,4,120,34.01802197286232,0
809,Lawnmower,4,121,34.120507965668224,0
810,Lawnmower,4,122,34.169025496386915,0
811,Lawnmower,4,123,34.38424335714695,0
812,Lawnmower,4,124,34.64146197592161,0
813,Lawnmower,4,125,34.88478095600621,0
814,Lawnmower,4,126,35.166330862112744,0
815,Lawnmower,4,127,35.52383908506696,0
816,Lawnmower,4,128,35.750098278906336,0
817,Lawnmower,4,129,35.87977151861602,0
818,Lawnmower,4,130,35.965855820916474,0
819,Lawnmower,4,131,36.116624473782004,0
820,Lawnmower,4,132,36.146824503030246,0
821,Lawnmower,4,133,36.22088165724785,0
822,Lawnmower,4,134,36.24283980480517,0
823,Lawnmower,4,135,36.27839173393433,0
824,Lawnmower,4,136,36.27804989003672,0
825,Lawnmower,4,137,36.249488592092774,0
826,Lawnmower,4,138,36.26705424978467,0
827,Lawnmower,4,139,36.26098392805141,0
828,Lawnmower,4,140,36.21549902315295,0
829,Lawnmower,4,141,36.167689847201416,0
830,Lawnmower,4,142,36.1595035102127,0
831,Lawnmower,4,143,36.11227148778741,0
832,Lawnmower,4,144,36.034724835297006,0
833,Lawnmower,4,145,35.98624062959083,0
834,Lawnmower,4,146,35.903603081013664,0
835,Lawnmower,4,147,35.80795030427118,0
836,Lawnmower,4,148,35.716561567615116,0
837,Lawnmower,4,149,35.672003689081606,0
838,Lawnmower,4,150,35.58666703793134,0
839,Lawnmower,4,151,35.506592192946876,0
840,Lawnmower,4,152,35.430702760041505,0
841,Lawnmower,4,153,35.391269915931545,0
842,Lawnmower,4,154,35.37184927012634,0
843,Lawnmower,4,155,35.381471962899326,0
844,Lawnmower,4,156,35.35964378729299,0
845,Lawnmower,4,157,35.29522109720679,0
846,Lawnmower,4,158,35.255117276858506,0
847,Lawnmower,4,159,35.26493534728682,0
848,Lawnmower,4,160,35.307425931513016,0
849,Lawnmower,4,161,35.33496787609304,0
850,Lawnmower,4,162,35.397953531916635,0
851,Lawnmower,4,163,35.41491431904702,0
852,Lawnmower,4,164,35.44844011042931,0
853,Lawnmower,4,165,35.502464421770526,0
854,Lawnmower,4,166,35.58142882482321,0
855,Lawnmower,4,167,35.75347301952701,0
856,Lawnmower,4,168,36.03693225436991,0
857,Lawnmower,4,169,36.39804624397441,0
858,Lawnmower,4,170,36.8005304464058,0
859,Lawnmower,4,171,37.21962671900276,0
860,Lawnmower,5,0,0.0,0
861,Lawnmower,5,1,0.8196403587328834,0
862,Lawnmower,5,2,1.31891433024753,0
863,Lawnmower,5,3,1.2478494681320915,0
864,Lawnmower,5,4,1.2072829518089465,0
865,Lawnmower,5,5,1.9990781081554507,0
866,Lawnmower,5,6,2.6514595946475525,0
867,Lawnmower,5,7,3.322766367820114,0
868,Lawnmower,5,8,4.018805423079883,0
869,Lawnmower,5,9,4.734311903313497,0
870,Lawnmower,5,10,5.463639518561406,0
871,Lawnmower,5,11,6.201920456130492,0
872,Lawnmower,5,12,6.945297358369759,0
873,Lawnmower,5,13,7.690323410861368,0
874,Lawnmower,5,14,8.433846840838015,0
875,Lawnmower,5,15,9.172761536713605,0
876,Lawnmower,5,16,9.903692609591195,0
877,Lawnmower,5,17,10.62271379139985,0
878,Lawnmower,5,18,11.325200695411759,0
879,Lawnmower,5,19,11.801913827869438,0
880,Lawnmower,5,20,12.048476394524064,0
881,Lawnmower,5,21,12.549979317343862,0
882,Lawnmower,5,22,12.958988098108147,0
883,Lawnmower,5,23,13.307156227181473,0
884,Lawnmower,5,24,13.695541221496326,0
885,Lawnmower,5,25,14.167022430120515,0
886,Lawnmower,5,26,14.563141205847613,0
887,Lawnmower,5,27,14.891023250656422,0
888,Lawnmower,5,28,15.159365124698818,0
889,Lawnmower,5,29,15.376060487447266,0
890,Lawnmower,5,30,15.547975577764042,0
891,Lawnmower,5,31,15.606219933727456,0
892,Lawnmower,5,32,15.645440823133605,0
893,Lawnmower,5,33,15.68206367999818,0
894,Lawnmower,5,34,15.77693452564558,0
895,Lawnmower,5,35,15.864857601956576,0
896,Lawnmower,5,36,15.955824639867041,0
897,Lawnmower,5,37,16.041998564381935,0
898,Lawnmower,5,38,16.129381948983948,0
899,Lawnmower,5,39,16.217587943621503,0
900,Lawnmower,5,40,16.30756151474493,0
901,Lawnmower,5,41,16.377272700075324,0
902,Lawnmower,5,42,16.347311530796944,0
903,Lawnmower,5,43,16.358051288560034,0
904,Lawnmower,5,44,16.346516275381543,0
905,Lawnmower,5,45,16.321443711671723,0
906,Lawnmower,5,46,16.302657825922207,0
907,Lawnmower,5,47,16.298020063977173,0
908,Lawnmower,5,48,16.276542332082343,0
909,Lawnmower,5,49,16.239634520312,0
910,Lawnmower,5,50,16.14174957371599,0
911,Lawnmower,5,51,16.048043061134305,0
912,Lawnmower,5,52,15.957409051053927,0
913,Lawnmower,5,53,15.870630381491607,0
914,Lawnmower,5,54,15.79575089716583,0
915,Lawnmower,5,55,15.73227929182568,0
916,Lawnmower,5,56,15.674283307075681,0
917,Lawnmower,5,57,15.636573783719964,0
918,Lawnmower,5,58,15.58662031567834,0
919,Lawnmower,5,59,15.537543284261393,0
920,Lawnmower,5,60,15.508624478840863,0
921,Lawnmower,5,61,15.450125091794412,0
922,Lawnmower,5,62,15.41879114322491,0
923,Lawnmower,5,63,15.37771241208652,0
924,Lawnmower,5,64,15.364036398391315,0
925,Lawnmower,5,65,15.344850148112458,0
926,Lawnmower,5,66,15.35746549409889,0
927,Lawnmower,5,67,15.333700587861857,0
928,Lawnmower,5,68,15.301732546845939,0
929,Lawnmower,5,69,15.377633484118045,0
930,Lawnmower,5,70,15.497763062389796,0
931,Lawnmower,5,71,15.666117959972569,0
932,Lawnmower,5,72,15.934714845633103,0
933,Lawnmower,5,73,16.328440460786062,0
934,Lawnmower,5,74,16.717828968586108,0
935,Lawnmower,5,75,17.101130250263537,0
936,Lawnmower,5,76,17.66539408632499,0
937,Lawnmower,5,77,18.293655743281608,0
938,Lawnmower,5,78,18.820243771773885,0
939,Lawnmower,5,79,19.343273222892538,0
940,Lawnmower,5,80,19.751155846313438,0
941,Lawnmower,5,81,20.131715044396664,0
942,Lawnmower,5,82,20.682966927167563,0
943,Lawnmower,5,83,20.97889672495279,0
944,Lawnmower,5,84,21.40046751719741,0
945,Lawnmower,5,85,21.71167314084075,0
946,Lawnmower,5,86,22.092430002976226,0
947,Lawnmower,5,87,22.460055195277445,0
948,Lawnmower,5,88,22.910628803007064,0
949,Lawnmower,5,89,23.324660607108477,0
950,Lawnmower,5,90,23.720844778295106,0
951,Lawnmower,5,91,24.11629622488965,0
952,Lawnmower,5,92,24.500898778408008,0
953,Lawnmower,5,93,24.88711406016447,0
954,Lawnmower,5,94,25.274430438603186,0
955,Lawnmower,5,95,25.614900589209764,0
956,Lawnmower,5,96,25.751320349095973,0
957,Lawnmower,5,97,25.928635836836406,0
958,Lawnmower,5,98,26.39289717961694,0
959,Lawnmower,5,99,26.868772347789456,0
960,Lawnmower,5,100,27.33196737211763,0
961,Lawnmower,5,101,27.88465228901797,0
962,Lawnmower,5,102,28.567427565814732,0
963,Lawnmower,5,103,29.194850423294724,0
964,Lawnmower,5,104,29.755666939919358,0
965,Lawnmower,5,105,30.24558613752515,0
966,Lawnmower,5,106,30.568814640217678,0
967,Lawnmower,5,107,30.76462696454962,0
968,Lawnmower,5,108,30.93789368901863,0
969,Lawnmower,5,109,31.237386951683845,0
970,Lawnmower,5,110,31.365343211800486,0
971,Lawnmower,5,111,31.60324959273872,0
972,Lawnmower,5,112,31.777961301770425,0
973,Lawnmower,5,113,32.00455078342394,0
974,Lawnmower,5,114,32.21977455808232,0
975,Lawnmower,5,115,32.47090988445465,0
976,Lawnmower,5,116,32.710827113207266,0
977,Lawnmower,5,117,32.93806985409342,0
978,Lawnmower,5,118,33.153141596413725,0
979,Lawnmower,5,119,33.35657169192415,0
980,Lawnmower,5,120,33.54886821136183,0
981,Lawnmower,5,121,33.6573573906842,0
982,Lawnmower,5,122,33.67982542371656,0
983,Lawnmower,5,123,33.78732358604004,0
984,Lawnmower,5,124,33.85580178749069,0
985,Lawnmower,5,125,33.90995778457501,0
986,Lawnmower,5,126,33.982018633282216,0
987,Lawnmower,5,127,34.08342347809327,0
988,Lawnmower,5,128,34.12658427484534,0
989,Lawnmower,5,129,34.13806246997045,0
990,Lawnmower,5,130,34.1265128974634,0
991,Lawnmower,5,131,34.15491560266515,0
992,Lawnmower,5,132,34.12565146045908,0
993,Lawnmower,5,133,34.13121604620615,0
994,Lawnmower,5,134,34.11596677174914,0
995,Lawnmower,5,135,34.11814324696658,0
996,Lawnmower,5,136,34.09738857699655,0
997,Lawnmower,5,137,34.04432472373443,0
998,Lawnmower,5,138,34.018998788325824,0
999,Lawnmower,5,139,33.97368419585807,0
1000,Lawnmower,5,140,33.9078157818415,0
1001,Lawnmower,5,141,33.84178569844024,0
1002,Lawnmower,5,142,33.80928080620263,0
1003,Lawnmower,5,143,33.75319799896335,0
1004,Lawnmower,5,144,33.66825187972739,0
1005,Lawnmower,5,145,33.601370323123206,0
1006,Lawnmower,5,146,33.51277230302304,0
1007,Lawnmower,5,147,33.41549296226772,0
1008,Lawnmower,5,148,33.32169777081754,0
1009,Lawnmower,5,149,33.2688070134206,0
1010,Lawnmower,5,150,33.178644696254366,0
1011,Lawnmower,5,151,33.090811250586015,0
1012,Lawnmower,5,152,33.00411388099083,0
1013,Lawnmower,5,153,32.935129448560694,0
1014,Lawnmower,5,154,32.874520671068254,0
1015,Lawnmower,5,155,32.82688404105454,0
1016,Lawnmower,5,156,32.7615025148897,0
1017,Lawnmower,5,157,32.67774633705673,0
1018,Lawnmower,5,158,32.60909276099454,0
1019,Lawnmower,5,159,32.57492495031127,0
1020,Lawnmower,5,160,32.574585526660265,0
1021,Lawnmower,5,161,32.57955152482731,0
1022,Lawnmower,5,162,32.64082647500552,0
1023,Lawnmower,5,163,32.64266722251175,0
1024,Lawnmower,5,164,32.63484338055797,0
1025,Lawnmower,5,165,32.621154018355995,0
1026,Lawnmower,5,166,32.61087654557485,0
1027,Lawnmower,5,167,32.64070406536964,0
1028,Lawnmower,5,168,32.70861271022733,0
1029,Lawnmower,5,169,32.80318787123909,0
1030,Lawnmower,5,170,32.911463386853036,0
1031,Lawnmower,5,171,33.02802927877629,0
1032,Lawnmower,6,0,0.0,0
1033,Lawnmower,6,1,0.687890825616066,0
1034,Lawnmower,6,2,1.110246298927554,0
1035,Lawnmower,6,3,1.0337026274107228,0
1036,Lawnmower,6,4,0.9772019178042585,0
1037,Lawnmower,6,5,1.4613398607161856,0
1038,Lawnmower,6,6,1.7209936256512661,0
1039,Lawnmower,6,7,1.932274032150418,0
1040,Lawnmower,6,8,2.1057365775097954,0
1041,Lawnmower,6,9,2.244896142304638,0
1042,Lawnmower,6,10,2.3532671187246277,0
1043,Lawnmower,6,11,2.4347194197293995,0
1044,Lawnmower,6,12,2.493059415964715,0
1045,Lawnmower,6,13,2.531591280780908,0
1046,Lawnmower,6,14,2.553129576219291,0
1047,Lawnmower,6,15,2.560049523979341,0
1048,Lawnmower,6,16,2.55434829398782,0
1049,Lawnmower,6,17,2.5377047853801686,0
1050,Lawnmower,6,18,2.5115329082100573,0
1051,Lawnmower,6,19,2.4619282263213322,0
1052,Lawnmower,6,20,2.393945205860969,0
1053,Lawnmower,6,21,2.3652539567156445,0
1054,Lawnmower,6,22,2.3311475911707933,0
1055,Lawnmower,6,23,2.2941146100282617,0
1056,Lawnmower,6,24,2.2711997907856993,0
1057,Lawnmower,6,25,2.273791873172406,0
1058,Lawnmower,6,26,2.267451218549513,0
1059,Lawnmower,6,27,2.2511400766821925,0
1060,Lawnmower,6,28,2.2248229225316063,0
1061,Lawnmower,6,29,2.1889101581796613,0
1062,Lawnmower,6,30,2.1440784940317448,0
1063,Lawnmower,6,31,2.0751188170497112,0
1064,Lawnmower,6,32,2.001021688110698,0
1065,Lawnmower,6,33,1.9218094425698746,0
1066,Lawnmower,6,34,1.8526285859618905,0
1067,Lawnmower,6,35,1.778281587660426,0
1068,Lawnmower,6,36,1.7029999471409083,0
1069,Lawnmower,6,37,1.6254522267681017,0
1070,Lawnmower,6,38,1.5467987842994777,0
1071,Lawnmower,6,39,1.4670267918701883,0
1072,Lawnmower,6,40,1.38634640836569,0
1073,Lawnmower,6,41,1.3040608198934098,0
1074,Lawnmower,6,42,1.2112863992100078,0
1075,Lawnmower,6,43,1.124295387721161,0
1076,Lawnmower,6,44,1.0345777525602535,0
1077,Lawnmower,6,45,0.9431320659036077,0
1078,Lawnmower,6,46,0.8527873976946235,0
1079,Lawnmower,6,47,0.7648221344358279,0
1080,Lawnmower,6,48,0.6742950441951954,0
1081,Lawnmower,6,49,0.5813293569820657,0
1082,Lawnmower,6,50,0.4812898681276999,0
1083,Lawnmower,6,51,0.38180105918647406,0
1084,Lawnmower,6,52,0.2826796081286177,0
1085,Lawnmower,6,53,0.18403950934017804,0
1086,Lawnmower,6,54,0.08691666542957391,0
1087,Lawnmower,6,55,-0.008998507367950825,0
1088,Lawnmower,6,56,-0.10454013948997515,0
1089,Lawnmower,6,57,-0.19771718187473689,0
1090,Lawnmower,6,58,-0.29196235166160306,0
1091,Lawnmower,6,59,-0.3860054367804886,0
1092,Lawnmower,6,60,-0.47695341239239825,0
1093,Lawnmower,6,61,-0.5710952379348476,0
1094,Lawnmower,6,62,-0.6601284176279014,0
1095,Lawnmower,6,63,-0.749694881759962,0
1096,Lawnmower,6,64,-0.833537201081212,0
1097,Lawnmower,6,65,-0.9178104187649998,0
1098,Lawnmower,6,66,-0.9951886973540057,0
1099,Lawnmower,6,67,-1.0794664986955127,0
1100,Lawnmower,6,68,-1.1653542306426472,0
1101,Lawnmower,6,69,-1.2291394636281692,0
1102,Lawnmower,6,70,-1.2869880093789021,0
1103,Lawnmower,6,71,-1.3377367813203211,0
1104,Lawnmower,6,72,-1.3736022359197122,0
1105,Lawnmower,6,73,-1.3948804967264175,0
1106,Lawnmower,6,74,-1.4255421906497225,0
1107,Lawnmower,6,75,-1.4619751424783172,0
1108,Lawnmower,6,76,-1.4794342048139941,0
1109,Lawnmower,6,77,-1.4995693849726646,0
1110,Lawnmower,6,78,-1.5374528102159932,0
1111,Lawnmower,6,79,-1.5724408067300784,0
1112,Lawnmower,6,80,-1.611037148051453,0
1113,Lawnmower,6,81,-1.6508942005230716,0
1114,Lawnmower,6,82,-1.6579215458275787,0
1115,Lawnmower,6,83,-1.6860776657852747,0
1116,Lawnmower,6,84,-1.6758297308311636,0
1117,Lawnmower,6,85,-1.6625094104755875,0
1118,Lawnmower,6,86,-1.6136492273503555,0
1119,Lawnmower,6,87,-1.542026921214071,0
1120,Lawnmower,6,88,-1.4258579329509662,0
1121,Lawnmower,6,89,-1.291090535411406,0
1122,Lawnmower,6,90,-1.1191557155474265,0
1123,Lawnmower,6,91,-0.8946712386813558,0
1124,Lawnmower,6,92,-0.6228353335821979,0
1125,Lawnmower,6,93,-0.31074406732091403,0
1126,Lawnmower,6,94,0.033109851337525587,0
1127,Lawnmower,6,95,0.3570637544406431,0
1128,Lawnmower,6,96,0.48876440169964436,0
1129,Lawnmower,6,97,0.6865153429816528,0
1130,Lawnmower,6,98,1.1792765818414894,0
1131,Lawnmower,6,99,1.5278707140747707,0
1132,Lawnmower,6,100,1.7806244686401331,0
1133,Lawnmower,6,101,2.0532091072821506,0
1134,Lawnmower,6,102,2.340767527182036,0
1135,Lawnmower,6,103,2.540359141497192,0
1136,Lawnmower,6,104,2.671182634398462,0
1137,Lawnmower,6,105,2.7503011746201578,0
1138,Lawnmower,6,106,2.7712028757257867,0
1139,Lawnmower,6,107,2.7761128248700055,0
1140,Lawnmower,6,108,2.7605184593196705,0
1141,Lawnmower,6,109,2.8124422290971816,0
1142,Lawnmower,6,110,2.803289350993274,0
1143,Lawnmower,6,111,2.8745058230917477,0
1144,Lawnmower,6,112,2.9351489129802353,0
1145,Lawnmower,6,113,3.053473518476706,0
1146,Lawnmower,6,114,3.175875649335549,0
1147,Lawnmower,6,115,3.32002949178647,0
1148,Lawnmower,6,116,3.4621652936325016,0
1149,Lawnmower,6,117,3.5969443040195093,0
1150,Lawnmower,6,118,3.721341337965968,0
1151,Lawnmower,6,119,3.8332174534015726,0
1152,Lawnmower,6,120,3.9312728675211783,0
1153,Lawnmower,6,121,3.9696406494674843,0
1154,Lawnmower,6,122,3.9444111053027417,0
1155,Lawnmower,6,123,3.9573678237604746,0
1156,Lawnmower,6,124,3.929478670259326,0
1157,Lawnmower,6,125,3.8904596515402234,0
1158,Lawnmower,6,126,3.856711367520564,0
1159,Lawnmower,6,127,3.8316885121473345,0
1160,Lawnmower,6,128,3.783131280851351,0
1161,Lawnmower,6,129,3.7245867666347388,0
1162,Lawnmower,6,130,3.656333602268721,0
1163,Lawnmower,6,131,3.605918171333492,0
1164,Lawnmower,6,132,3.5332098528856677,0
1165,Lawnmower,6,133,3.4766582689919407,0
1166,Lawnmower,6,134,3.4125217037852384,0
1167,Lawnmower,6,135,3.3568812673043555,0
1168,Lawnmower,6,136,3.291048271066203,0
1169,Lawnmower,6,137,3.2101093506221954,0
1170,Lawnmower,6,138,3.139375582641356,0
1171,Lawnmower,6,139,3.058845108688113,0
1172,Lawnmower,6,140,2.971493228851923,0
1173,Lawnmower,6,141,2.8843654535393917,0
1174,Lawnmower,6,142,2.8114502488456985,0
1175,Lawnmower,6,143,2.7295679818472776,0
1176,Lawnmower,6,144,2.635327131408784,0
1177,Lawnmower,6,145,2.5479896990073994,0
1178,Lawnmower,6,146,2.4524190613304047,0
1179,Lawnmower,6,147,2.3532717055968355,0
1180,Lawnmower,6,148,2.2556226079864405,0
1181,Lawnmower,6,149,2.175438100984188,0
1182,Lawnmower,6,150,2.0793875680442144,0
1183,Lawnmower,6,151,1.9841289178883466,0
1184,Lawnmower,6,152,1.8890448445891403,0
1185,Lawnmower,6,153,1.8000966100737459,0
1186,Lawnmower,6,154,1.7139416254420405,0
1187,Lawnmower,6,155,1.63172777211901,0
1188,Lawnmower,6,156,1.5437682572602134,0
1189,Lawnmower,6,157,1.4497974446247037,0
1190,Lawnmower,6,158,1.3635112545003454,0
1191,Lawnmower,6,159,1.2950303236875587,0
1192,Lawnmower,6,160,1.2458824201267682,0
1193,Lawnmower,6,161,1.2035271058942294,0
1194,Lawnmower,6,162,1.1969423116521647,0
1195,Lawnmower,6,163,1.1574115367126954,0
1196,Lawnmower,6,164,1.1119925328981068,0
1197,Lawnmower,6,165,1.0593681881467383,0
1198,Lawnmower,6,166,1.0060627708648002,0
1199,Lawnmower,6,167,0.9718216303379511,0
1200,Lawnmower,6,168,0.9501548814252819,0
1201,Lawnmower,6,169,0.9351989131085077,0
1202,Lawnmower,6,170,0.9201724735729463,0
1203,Lawnmower,6,171,0.9029191163914909,0
1204,Lawnmower,7,0,0.0,0
1205,Lawnmower,7,1,1.1377953866588517,0
1206,Lawnmower,7,2,1.8469297481511917,0
1207,Lawnmower,7,3,1.7850686620078813,0
1208,Lawnmower,7,4,1.7589079568157369,0
1209,Lawnmower,7,5,2.6774198523995496,0
1210,Lawnmower,7,6,3.33701460434046,0
1211,Lawnmower,7,7,3.9518885459276145,0
1212,Lawnmower,7,8,4.528632277174745,0
1213,Lawnmower,7,9,5.061897233397462,0
1214,Lawnmower,7,10,5.548186139034671,0
1215,Lawnmower,7,11,5.986219724629509,0
1216,Lawnmower,7,12,6.376687230354479,0
1217,Lawnmower,7,13,6.721248722158546,0
1218,Lawnmower,7,14,7.022248029166877,0
1219,Lawnmower,7,15,7.282451318304901,0
1220,Lawnmower,7,16,7.504830533413002,0
1221,Lawnmower,7,17,7.692398599952115,0
1222,Lawnmower,7,18,7.848093774334985,0
1223,Lawnmower,7,19,7.924384648527346,0
1224,Lawnmower,7,20,7.945212648322072,0
1225,Lawnmower,7,21,8.120131931646794,0
1226,Lawnmower,7,22,8.282584820964312,0
1227,Lawnmower,7,23,8.441610468539217,0
1228,Lawnmower,7,24,8.661336587887867,0
1229,Lawnmower,7,25,8.985584558478106,0
1230,Lawnmower,7,26,9.29406206329947,0
1231,Lawnmower,7,27,9.585355624692736,0
1232,Lawnmower,7,28,9.861114193718972,0
1233,Lawnmower,7,29,10.12374234367717,0
1234,Lawnmower,7,30,10.375503453068267,0
1235,Lawnmower,7,31,10.49483546814479,0
1236,Lawnmower,7,32,10.56515525485905,0
1237,Lawnmower,7,33,10.592860054006243,0
1238,Lawnmower,7,34,10.661767288795916,0
1239,Lawnmower,7,35,10.697928226762565,0
1240,Lawnmower,7,36,10.725003318111396,0
1241,Lawnmower,7,37,10.737266684775095,0
1242,Lawnmower,7,38,10.740643618940101,0
1243,Lawnmower,7,39,10.735459933192065,0
1244,Lawnmower,7,40,10.722919187913114,0
1245,Lawnmower,7,41,10.70190260956463,0
1246,Lawnmower,7,42,10.639329857336493,0
1247,Lawnmower,7,43,10.61633377694898,0
1248,Lawnmower,7,44,10.583823273744311,0
1249,Lawnmower,7,45,10.546236139399678,0
1250,Lawnmower,7,46,10.522790408026044,0
1251,Lawnmower,7,47,10.526277289123692,0
1252,Lawnmower,7,48,10.520285748255727,0
1253,Lawnmower,7,49,10.503655353335821,0
1254,Lawnmower,7,50,10.40590028091616,0
1255,Lawnmower,7,51,10.311884225386093,0
1256,Lawnmower,7,52,10.219635945989518,0
1257,Lawnmower,7,53,10.129596257309998,0
1258,Lawnmower,7,54,10.04705483525756,0
1259,Lawnmower,7,55,9.969220828364913,0
1260,Lawnmower,7,56,9.891463879297667,0
1261,Lawnmower,7,57,9.82361202173592,0
1262,Lawnmower,7,58,9.751918678513649,0
1263,Lawnmower,7,59,9.680850261465437,0
1264,Lawnmower,7,60,9.626484624512155,0
1265,Lawnmower,7,61,9.557214838426091,0
1266,Lawnmower,7,62,9.51709531873591,0
1267,Lawnmower,7,63,9.477836645004542,0
1268,Lawnmower,7,64,9.475334678577331,0
1269,Lawnmower,7,65,9.476388611519651,0
1270,Lawnmower,7,66,9.525721883173844,0
1271,Lawnmower,7,67,9.527241571513619,0
1272,Lawnmower,7,68,9.508418814759255,0
1273,Lawnmower,7,69,9.589998468165641,0
1274,Lawnmower,7,70,9.672154145851025,0
1275,Lawnmower,7,71,9.772865671035929,0
1276,Lawnmower,7,72,9.928514826982248,0
1277,Lawnmower,7,73,10.139127983474008,0
1278,Lawnmower,7,74,10.309013836192605,0
1279,Lawnmower,7,75,10.449887982648374,0
1280,Lawnmower,7,76,10.651890973359725,0
1281,Lawnmower,7,77,10.83918588153484,0
1282,Lawnmower,7,78,10.957577100157858,0
1283,Lawnmower,7,79,11.080422955578182,0
1284,Lawnmower,7,80,11.186489108152546,0
1285,Lawnmower,7,81,11.283118836017055,0
1286,Lawnmower,7,82,11.485716499521928,0
1287,Lawnmower,7,83,11.602501937778136,0
1288,Lawnmower,7,84,11.831903825889613,0
1289,Lawnmower,7,85,12.044927768346996,0
1290,Lawnmower,7,86,12.343325426115667,0
1291,Lawnmower,7,87,12.66939628887258,0
1292,Lawnmower,7,88,13.079427136483355,0
1293,Lawnmower,7,89,13.49297619422208,0
1294,Lawnmower,7,90,13.927980128696612,0
1295,Lawnmower,7,91,14.40213521651208,0
1296,Lawnmower,7,92,14.899295880610287,0
1297,Lawnmower,7,93,15.430098732572084,0
1298,Lawnmower,7,94,15.98958090631468,0
1299,Lawnmower,7,95,16.506539141937864,0
1300,Lawnmower,7,96,16.734230719359235,0
1301,Lawnmower,7,97,17.0210864464673,0
1302,Lawnmower,7,98,17.659280246516072,0
1303,Lawnmower,7,99,18.194752939037233,0
1304,Lawnmower,7,100,18.665818298497292,0
1305,Lawnmower,7,101,19.20155123421077,0
1306,Lawnmower,7,102,19.81923492653368,0
1307,Lawnmower,7,103,20.336213968052196,0
1308,Lawnmower,7,104,20.75784515634226,0
1309,Lawnmower,7,105,21.094243876235897,0
1310,Lawnmower,7,106,21.302522025089917,0
1311,Lawnmower,7,107,21.454342026962046,0
1312,Lawnmower,7,108,21.57585512280459,0
1313,Lawnmower,7,109,21.83666632373799,0
1314,Lawnmower,7,110,21.96757990846379,0
1315,Lawnmower,7,111,22.24989338680126,0
1316,Lawnmower,7,112,22.50398191589805,0
1317,Lawnmower,7,113,22.85214553014305,0
1318,Lawnmower,7,114,23.217240857387992,0
1319,Lawnmower,7,115,23.64958056698457,0
1320,Lawnmower,7,116,24.101702321692212,0
1321,Lawnmower,7,117,24.570574172333526,0
1322,Lawnmower,7,118,25.05512536594509,0
1323,Lawnmower,7,119,25.55373400262409,0
1324,Lawnmower,7,120,26.064060452765105,0
1325,Lawnmower,7,121,26.40838480629784,0
1326,Lawnmower,7,122,26.56659385150111,0
1327,Lawnmower,7,123,26.881187168162175,0
1328,Lawnmower,7,124,27.066366199737143,0
1329,Lawnmower,7,125,27.20839342781116,0
1330,Lawnmower,7,126,27.367465131150027,0
1331,Lawnmower,7,127,27.55115691362628,0
1332,Lawnmower,7,128,27.64740223765108,0
1333,Lawnmower,7,129,27.71839497268853,0
1334,Lawnmower,7,130,27.749342215859212,0
1335,Lawnmower,7,131,27.86350290613876,0
1336,Lawnmower,7,132,27.89166303645502,0
1337,Lawnmower,7,133,28.009170457838525,0
1338,Lawnmower,7,134,28.10349208216771,0
1339,Lawnmower,7,135,28.25201894991675,0
1340,Lawnmower,7,136,28.350634314283763,0
1341,Lawnmower,7,137,28.353033015807995,0
1342,Lawnmower,7,138,28.402369965553056,0
1343,Lawnmower,7,139,28.388705829051897,0
1344,Lawnmower,7,140,28.34938559274699,0
1345,Lawnmower,7,141,28.313470861953995,0
1346,Lawnmower,7,142,28.364074623002853,0
1347,Lawnmower,7,143,28.37405244766274,0
1348,Lawnmower,7,144,28.30245878157664,0
1349,Lawnmower,7,145,28.257274602218324,0
1350,Lawnmower,7,146,28.177461554645223,0
1351,Lawnmower,7,147,28.08321007995354,0
1352,Lawnmower,7,148,27.998008471628985,0
1353,Lawnmower,7,149,28.021164334308562,0
1354,Lawnmower,7,150,27.94389615483962,0
1355,Lawnmower,7,151,27.869193517783604,0
1356,Lawnmower,7,152,27.79311087161657,0
1357,Lawnmower,7,153,27.74111337077214,0
1358,Lawnmower,7,154,27.69848457647816,0
1359,Lawnmower,7,155,27.66858928358498,0
1360,Lawnmower,7,156,27.61597970431042,0
1361,Lawnmower,7,157,27.541017304261317,0
1362,Lawnmower,7,158,27.499967318235868,0
1363,Lawnmower,7,159,27.53563213299292,0
1364,Lawnmower,7,160,27.657840513962032,0
1365,Lawnmower,7,161,27.80183508121646,0
1366,Lawnmower,7,162,28.09190361662061,0
1367,Lawnmower,7,163,28.21815401081207,0
1368,Lawnmower,7,164,28.294332037542137,0
1369,Lawnmower,7,165,28.339179681560015,0
1370,Lawnmower,7,166,28.37570979636335,0
1371,Lawnmower,7,167,28.45831426748234,0
1372,Lawnmower,7,168,28.573465675796914,0
1373,Lawnmower,7,169,28.7059630733928,0
1374,Lawnmower,7,170,28.836458087499526,0
1375,Lawnmower,7,171,28.96014707706976,0
1376,Lawnmower,8,0,0.0,0
1377,Lawnmower,8,1,0.5735097991394443,0
1378,Lawnmower,8,2,0.9160164228265371,0
1379,Lawnmower,8,3,0.8375594022027978,0
1380,Lawnmower,8,4,0.7835837574670486,0
1381,Lawnmower,8,5,1.4047358620998476,0
1382,Lawnmower,8,6,1.932161872367527,0
1383,Lawnmower,8,7,2.4803297128053607,0
1384,Lawnmower,8,8,3.0469524253894433,0
1385,Lawnmower,8,9,3.619765672580102,0
1386,Lawnmower,8,10,4.185535635145945,0
1387,Lawnmower,8,11,4.732216462631213,0
1388,Lawnmower,8,12,5.250049053615263,0
1389,Lawnmower,8,13,5.731611157439823,0
1390,Lawnmower,8,14,6.1719842375610465,0
1391,Lawnmower,8,15,6.568607445012693,0
1392,Lawnmower,8,16,6.920940773634024,0
1393,Lawnmower,8,17,7.230029931857836,0
1394,Lawnmower,8,18,7.498044863434033,0
1395,Lawnmower,8,19,7.652739386472246,0
1396,Lawnmower,8,20,7.719506676157201,0
1397,Lawnmower,8,21,7.970613657391697,0
1398,Lawnmower,8,22,8.183129816480848,0
1399,Lawnmower,8,23,8.373990769783772,0
1400,Lawnmower,8,24,8.618030586984617,0
1401,Lawnmower,8,25,8.951435539393232,0
1402,Lawnmower,8,26,9.257244778737775,0
1403,Lawnmower,8,27,9.549440048398669,0
1404,Lawnmower,8,28,9.845816013325095,0
1405,Lawnmower,8,29,10.166582234991674,0
1406,Lawnmower,8,30,10.53483108510805,0
1407,Lawnmower,8,31,10.78936263585992,0
1408,Lawnmower,8,32,10.98394922650935,0
1409,Lawnmower,8,33,11.15439727437254,0
1410,Lawnmower,8,34,11.331639240174797,0
1411,Lawnmower,8,35,11.480730801657886,0
1412,Lawnmower,8,36,11.614748166124318,0
1413,Lawnmower,8,37,11.728640291993358,0
1414,Lawnmower,8,38,11.82832953812061,0
1415,Lawnmower,8,39,11.914849727735445,0
1416,Lawnmower,8,40,11.989923196392526,0
1417,Lawnmower,8,41,12.032661324519927,0
1418,Lawnmower,8,42,12.043630374273418,0
1419,Lawnmower,8,43,12.222130765639248,0
1420,Lawnmower,8,44,12.44226246810878,0
1421,Lawnmower,8,45,12.720026494081806,0
1422,Lawnmower,8,46,13.124550188866987,0
1423,Lawnmower,8,47,13.717329155116754,0
1424,Lawnmower,8,48,14.37112745444598,0
1425,Lawnmower,8,49,15.047854164171186,0
1426,Lawnmower,8,50,14.965620070782514,0
1427,Lawnmower,8,51,14.899805332406318,0
1428,Lawnmower,8,52,14.836593647219937,0
1429,Lawnmower,8,53,14.774278498219893,0
1430,Lawnmower,8,54,14.722262426738133,0
1431,Lawnmower,8,55,14.67300106458583,0
1432,Lawnmower,8,56,14.616455482218592,0
1433,Lawnmower,8,57,14.567196610981647,0
1434,Lawnmower,8,58,14.512547181781299,0
1435,Lawnmower,8,59,14.456713889429134,0
1436,Lawnmower,8,60,14.43074987122941,0
1437,Lawnmower,8,61,14.374460096574849,0
1438,Lawnmower,8,62,14.359983041734765,0
1439,Lawnmower,8,63,14.34522012894155,0
1440,Lawnmower,8,64,14.386248698477704,0
1441,Lawnmower,8,65,14.43559733592061,0
1442,Lawnmower,8,66,14.540196364057062,0
1443,Lawnmower,8,67,14.55180930364007,0
1444,Lawnmower,8,68,14.53878004934687,0
1445,Lawnmower,8,69,14.615916937226784,0
1446,Lawnmower,8,70,14.682323913770022,0
1447,Lawnmower,8,71,14.773880184013493,0
1448,Lawnmower,8,72,14.933578225066851,0
1449,Lawnmower,8,73,15.172682622857227,0
1450,Lawnmower,8,74,15.388746002847034,0
1451,Lawnmower,8,75,15.588812842536294,0
1452,Lawnmower,8,76,15.891772894774942,0
1453,Lawnmower,8,77,16.19375018984011,0
1454,Lawnmower,8,78,16.40726268262521,0
1455,Lawnmower,8,79,16.627112681250075,0
1456,Lawnmower,8,80,16.816960748088405,0
1457,Lawnmower,8,81,16.991511493994583,0
1458,Lawnmower,8,82,17.300811629657233,0
1459,Lawnmower,8,83,17.480652710905698,0
1460,Lawnmower,8,84,17.780434071354836,0
1461,Lawnmower,8,85,18.022016042422642,0
1462,Lawnmower,8,86,18.32154290474766,0
1463,Lawnmower,8,87,18.61098663226503,0
1464,Lawnmower,8,88,18.964631606543186,0
1465,Lawnmower,8,89,19.28656952897794,0
1466,Lawnmower,8,90,19.590324337107553,0
1467,Lawnmower,8,91,19.887108503475147,0
1468,Lawnmower,8,92,20.167034996614955,0
1469,Lawnmower,8,93,20.437205067786422,0
1470,Lawnmower,8,94,20.695683780533166,0
1471,Lawnmower,8,95,20.907207743494546,0
1472,Lawnmower,8,96,20.977684157729726,0
1473,Lawnmower,8,97,21.08326787528254,0
1474,Lawnmower,8,98,21.42396903426977,0
1475,Lawnmower,8,99,21.796429622588867,0
1476,Lawnmower,8,100,22.162074278160986,0
1477,Lawnmower,8,101,22.601292479397657,0
1478,Lawnmower,8,102,23.142608253989167,0
1479,Lawnmower,8,103,23.633211976816547,0
1480,Lawnmower,8,104,24.062757097012835,0
1481,Lawnmower,8,105,24.428030383014463,0
1482,Lawnmower,8,106,24.665623602266635,0
1483,Lawnmower,8,107,24.8310344069871,0
1484,Lawnmower,8,108,24.97488626481495,0
1485,Lawnmower,8,109,25.25054255879001,0
1486,Lawnmower,8,110,25.391476323487865,0
1487,Lawnmower,8,111,25.660849634115152,0
1488,Lawnmower,8,112,25.885004162205753,0
1489,Lawnmower,8,113,26.167824792549254,0
1490,Lawnmower,8,114,26.44416486810345,0
1491,Lawnmower,8,115,26.76170309760047,0
1492,Lawnmower,8,116,27.067080223312452,0
1493,Lawnmower,8,117,27.355025202877542,0
1494,Lawnmower,8,118,27.6227881924003,0
1495,Lawnmower,8,119,27.868388130854278,0
1496,Lawnmower,8,120,28.09059979492173,0
1497,Lawnmower,8,121,28.217317187546886,0
1498,Lawnmower,8,122,28.26833526513819,0
1499,Lawnmower,8,123,28.438022395933853,0
1500,Lawnmower,8,124,28.56498115000569,0
1501,Lawnmower,8,125,28.66761802667993,0
1502,Lawnmower,8,126,28.789895045452237,0
1503,Lawnmower,8,127,28.944993082622354,0
1504,Lawnmower,8,128,29.023690664034493,0
1505,Lawnmower,8,129,29.065046338124226,0
1506,Lawnmower,8,130,29.07520914525901,0
1507,Lawnmower,8,131,29.139409296029946,0
1508,Lawnmower,8,132,29.129316039878514,0
1509,Lawnmower,8,133,29.164668297806266,0
1510,Lawnmower,8,134,29.170983883786327,0
1511,Lawnmower,8,135,29.196691884529958,0
1512,Lawnmower,8,136,29.191809428270027,0
1513,Lawnmower,8,137,29.15064996156927,0
1514,Lawnmower,8,138,29.142166269375736,0
1515,Lawnmower,8,139,29.10540368211515,0
1516,Lawnmower,8,140,29.045055139987262,0
1517,Lawnmower,8,141,28.984570141444316,0
1518,Lawnmower,8,142,28.96332183376906,0
1519,Lawnmower,8,143,28.91356833726175,0
1520,Lawnmower,8,144,28.83074713849457,0
1521,Lawnmower,8,145,28.767702598799765,0
1522,Lawnmower,8,146,28.680571866579967,0
1523,Lawnmower,8,147,28.583888369011245,0
1524,Lawnmower,8,148,28.491411673738043,0
1525,Lawnmower,8,149,28.446205502249523,0
1526,Lawnmower,8,150,28.358685807328765,0
1527,Lawnmower,8,151,28.27417575809542,0
1528,Lawnmower,8,152,28.190997802213598,0
1529,Lawnmower,8,153,28.1293287383613,0
1530,Lawnmower,8,154,28.07792398558328,0
1531,Lawnmower,8,155,28.04087934522275,0
1532,Lawnmower,8,156,27.984079962995146,0
1533,Lawnmower,8,157,27.905336608780196,0
1534,Lawnmower,8,158,27.84851633894302,0
1535,Lawnmower,8,159,27.838615282383135,0
1536,Lawnmower,8,160,27.870489810304903,0
1537,Lawnmower,8,161,27.901954357605486,0
1538,Lawnmower,8,162,27.9875744739081,0
1539,Lawnmower,8,163,28.010512269339323,0
1540,Lawnmower,8,164,28.028584929280584,0
1541,Lawnmower,8,165,28.04420786930668,0
1542,Lawnmower,8,166,28.06370008013152,0
1543,Lawnmower,8,167,28.132699783443684,0
1544,Lawnmower,8,168,28.244479606504633,0
1545,Lawnmower,8,169,28.381491179027545,0
1546,Lawnmower,8,170,28.52369720181339,0
1547,Lawnmower,8,171,28.663511856038745,0
1548,Lawnmower,9,0,0.0,0
1549,Lawnmower,9,1,0.6166362593042297,0
1550,Lawnmower,9,2,0.975624282676467,0
1551,Lawnmower,9,3,0.8986888596318493,0
1552,Lawnmower,9,4,0.8467807286600046,0
1553,Lawnmower,9,5,1.4535247550991393,0
1554,Lawnmower,9,6,1.9779089951321147,0
1555,Lawnmower,9,7,2.52127965363583,0
1556,Lawnmower,9,8,3.086665782852923,0
1557,Lawnmower,9,9,3.6678147973574196,0
1558,Lawnmower,9,10,4.259722551646276,0
1559,Lawnmower,9,11,4.857679765511739,0
1560,Lawnmower,9,12,5.457292914724283,0
1561,Lawnmower,9,13,6.053797186471697,0
1562,Lawnmower,9,14,6.641903163695753,0
1563,Lawnmower,9,15,7.215847988527184,0
1564,Lawnmower,9,16,7.76969504155011,0
1565,Lawnmower,9,17,8.297817796438588,0
1566,Lawnmower,9,18,8.795418258027631,0
1567,Lawnmower,9,19,9.139852689343833,0
1568,Lawnmower,9,20,9.3984902118493,0
1569,Lawnmower,9,21,10.070457534871133,0
1570,Lawnmower,9,22,10.720467081644511,0
1571,Lawnmower,9,23,11.354399781252067,0
1572,Lawnmower,9,24,12.089297654551133,0
1573,Lawnmower,9,25,12.985574389664936,0
1574,Lawnmower,9,26,13.819528777912609,0
1575,Lawnmower,9,27,14.579996890934405,0
1576,Lawnmower,9,28,15.266053994108082,0
1577,Lawnmower,9,29,15.882631506329364,0
1578,Lawnmower,9,30,16.43720759084059,0
1579,Lawnmower,9,31,16.74411480287619,0
1580,Lawnmower,9,32,16.9970896583754,0
1581,Lawnmower,9,33,17.25367444333192,0
1582,Lawnmower,9,34,17.629473495348602,0
1583,Lawnmower,9,35,17.995321476818177,0
1584,Lawnmower,9,36,18.365178505736388,0
1585,Lawnmower,9,37,18.72162455291007,0
1586,Lawnmower,9,38,19.07515992199509,0
1587,Lawnmower,9,39,19.423523712553614,0
1588,Lawnmower,9,40,19.766810090834674,0
1589,Lawnmower,9,41,20.046726456772806,0
1590,Lawnmower,9,42,20.134589146761364,0
1591,Lawnmower,9,43,20.357335917636764,0
1592,Lawnmower,9,44,20.532258665742233,0
1593,Lawnmower,9,45,20.680106670487422,0
1594,Lawnmower,9,46,20.858464543049777,0
1595,Lawnmower,9,47,21.094262389040974,0
1596,Lawnmower,9,48,21.295703662217885,0
1597,Lawnmower,9,49,21.464746738749717,0
1598,Lawnmower,9,50,21.37314225410394,0
1599,Lawnmower,9,51,21.294343969321712,0
1600,Lawnmower,9,52,21.22380432772707,0
1601,Lawnmower,9,53,21.16285772282874,0
1602,Lawnmower,9,54,21.131638853487072,0
1603,Lawnmower,9,55,21.126029563157203,0
1604,Lawnmower,9,56,21.12717848374713,0
1605,Lawnmower,9,57,21.16414602745516,0
1606,Lawnmower,9,58,21.176939848598018,0
1607,Lawnmower,9,59,21.1920414303446,0
1608,Lawnmower,9,60,21.257404561035,0
1609,Lawnmower,9,61,21.254242747613695,0
1610,Lawnmower,9,62,21.31580662434116,0
1611,Lawnmower,9,63,21.354931534287726,0
1612,Lawnmower,9,64,21.46059410751898,0
1613,Lawnmower,9,65,21.556935184691977,0
1614,Lawnmower,9,66,21.730430568373578,0
1615,Lawnmower,9,67,21.809303577729185,0
1616,Lawnmower,9,68,21.860724063301944,0
1617,Lawnmower,9,69,22.119093793835848,0
1618,Lawnmower,9,70,22.421007480127965,0
1619,Lawnmower,9,71,22.774371074438193,0
1620,Lawnmower,9,72,23.2616893038619,0
1621,Lawnmower,9,73,23.909514134023176,0
1622,Lawnmower,9,74,24.49057655706041,0
1623,Lawnmower,9,75,24.991823162249798,0
1624,Lawnmower,9,76,25.594100947742728,0
1625,Lawnmower,9,77,26.161764335221857,0
1626,Lawnmower,9,78,26.558237872318482,0
1627,Lawnmower,9,79,26.907339981066983,0
1628,Lawnmower,9,80,27.162995805282936,0
1629,Lawnmower,9,81,27.382432332670977,0
1630,Lawnmower,9,82,27.753446565390163,0
1631,Lawnmower,9,83,27.918946211653232,0
1632,Lawnmower,9,84,28.21360187272382,0
1633,Lawnmower,9,85,28.42315828591413,0
1634,Lawnmower,9,86,28.718030737757694,0
1635,Lawnmower,9,87,29.003234984965875,0
1636,Lawnmower,9,88,29.354645011711614,0
1637,Lawnmower,9,89,29.679729922970377,0
1638,Lawnmower,9,90,29.983941484584896,0
1639,Lawnmower,9,91,30.281479772866998,0
1640,Lawnmower,9,92,30.56207973128853,0
1641,Lawnmower,9,93,30.844123230461996,0
1642,Lawnmower,9,94,31.123593472472294,0
1643,Lawnmower,9,95,31.357064756245123,0
1644,Lawnmower,9,96,31.426922851080647,0
1645,Lawnmower,9,97,31.514619125338715,0
1646,Lawnmower,9,98,31.744260848272905,0
1647,Lawnmower,9,99,31.917664474431607,0
1648,Lawnmower,9,100,32.06621472687093,0
1649,Lawnmower,9,101,32.249799460820775,0
1650,Lawnmower,9,102,32.48671925759481,0
1651,Lawnmower,9,103,32.68573659818213,0
1652,Lawnmower,9,104,32.84872521009808,0
1653,Lawnmower,9,105,32.97900940792203,0
1654,Lawnmower,9,106,33.04239312919343,0
1655,Lawnmower,9,107,33.05572418909062,0
1656,Lawnmower,9,108,33.059716533110425,0
1657,Lawnmower,9,109,33.11358622082957,0
1658,Lawnmower,9,110,33.10048783196571,0
1659,Lawnmower,9,111,33.13152373741802,0
1660,Lawnmower,9,112,33.13915188821441,0
1661,Lawnmower,9,113,33.16914438073918,0
1662,Lawnmower,9,114,33.195046448376125,0
1663,Lawnmower,9,115,33.234672614721546,0
1664,Lawnmower,9,116,33.26990920244141,0
1665,Lawnmower,9,117,33.29987197519623,0
1666,Lawnmower,9,118,33.32450645102518,0
1667,Lawnmower,9,119,33.34379743746799,0
1668,Lawnmower,9,120,33.35776392683691,0
1669,Lawnmower,9,121,33.33860099169717,0
1670,Lawnmower,9,122,33.2860120500652,0
1671,Lawnmower,9,123,33.266286625482934,0
1672,Lawnmower,9,124,33.231111345992154,0
1673,Lawnmower,9,125,33.190610052917684,0
1674,Lawnmower,9,126,33.15727945039275,0
1675,Lawnmower,9,127,33.13551388781731,0
1676,Lawnmower,9,128,33.09127375679291,0
1677,Lawnmower,9,129,33.03487121173368,0
1678,Lawnmower,9,130,32.96950283361773,0
1679,Lawnmower,9,131,32.91970924447452,0
1680,Lawnmower,9,132,32.847321913290386,0
1681,Lawnmower,9,133,32.78840602075816,0
1682,Lawnmower,9,134,32.72130707082926,0
1683,Lawnmower,9,135,32.66084300099981,0
1684,Lawnmower,9,136,32.59147212570629,0
1685,Lawnmower,9,137,32.50969817986329,0
1686,Lawnmower,9,138,32.4391239346664,0
1687,Lawnmower,9,139,32.36105042216891,0
1688,Lawnmower,9,140,32.27462974397044,0
1689,Lawnmower,9,141,32.18811350568229,0
1690,Lawnmower,9,142,32.11473275811429,0
1691,Lawnmower,9,143,32.03182090511085,0
1692,Lawnmower,9,144,31.93772460303494,0
1693,Lawnmower,9,145,31.851098847344772,0
1694,Lawnmower,9,146,31.755560168758624,0
1695,Lawnmower,9,147,31.656437768870493,0
1696,Lawnmower,9,148,31.55867187217749,0
1697,Lawnmower,9,149,31.476806960859538,0
1698,Lawnmower,9,150,31.38043511147525,0
1699,Lawnmower,9,151,31.284998898249064,0
1700,Lawnmower,9,152,31.190053367043195,0
1701,Lawnmower,9,153,31.102161326686538,0
1702,Lawnmower,9,154,31.01756665716043,0
1703,Lawnmower,9,155,30.93817854922347,0
1704,Lawnmower,9,156,30.851555155758504,0
1705,Lawnmower,9,157,30.757680654642733,0
1706,Lawnmower,9,158,30.66959591258826,0
1707,Lawnmower,9,159,30.59478662987037,0
1708,Lawnmower,9,160,30.532968309358864,0
1709,Lawnmower,9,161,30.473170805773737,0
1710,Lawnmower,9,162,30.434793295184992,0
1711,Lawnmower,9,163,30.373957560849156,0
1712,Lawnmower,9,164,30.30955971945508,0
1713,Lawnmower,9,165,30.24287489685415,0
1714,Lawnmower,9,166,30.17741604019012,0
1715,Lawnmower,9,167,30.127382430723365,0
1716,Lawnmower,9,168,30.091739977591505,0
1717,Lawnmower,9,169,30.066093211418654,0
1718,Lawnmower,9,170,30.045463080511002,0
1719,Lawnmower,9,171,30.02781622082219,0
