Wall time,Step,Value
1656400639.581578,174,-2.1491386890411377
1656400664.972135,246,7.447816848754883
1656400670.8533406,261,30.65258026123047
1656400749.2699273,467,-4.363090515136719
1656400765.9611952,512,-9.307358741760254
1656400785.2558548,558,15.025866508483887
1656400824.7837331,660,-4.7766008377075195
1656400875.0030274,806,-13.654656410217285
1656400959.3705223,1028,-21.686338424682617
1656400963.2019982,1039,14.176515579223633
1656401009.479365,1134,-36.601165771484375
1656401035.5256262,1186,36.937583923339844
1656401079.4997802,1273,-16.88011360168457
1656401151.756421,1419,-37.45328140258789
1656401172.4180837,1460,-20.978281021118164
1656401190.398907,1496,-14.276362419128418
1656401202.587776,1512,-101.3954849243164
1656401227.6797426,1550,-9.512447357177734
1656401239.2222142,1567,15.24870491027832
1656401533.277501,1942,-17.91462516784668
1656401551.681877,1962,23.305875778198242
1656401939.5196419,2438,-75.77610778808594
1656401957.619435,2464,-40.32868576049805
1656401992.2729406,2505,-35.40837097167969
1656402055.693677,2579,-93.8912124633789
1656402139.3103743,2686,-16.898681640625
1656402146.2190397,2695,-130.3061065673828
1656402156.579349,2710,-4.7361016273498535
1656402161.7153313,2719,-84.07202911376953
1656402199.3265288,2770,-10.25516414642334
1656402418.7495656,3085,-35.98474884033203
1656402432.7892334,3107,3.49705171585083
1656402454.3785899,3147,-42.68497848510742
1656402508.9401357,3243,15.222293853759766
1656402522.989811,3267,17.12809181213379
1656402563.2335386,3358,18.24810218811035
1656402677.8212445,3568,-5.179394245147705
1656402695.2549639,3602,-4.494380950927734
1656402704.4414985,3618,-4.368564128875732
1656402727.901279,3656,13.334383010864258
1656402734.3846521,3670,-10.935416221618652
1656402737.1376295,3673,-21.33793830871582
1656402824.1503184,3850,-46.247798919677734
1656402857.1327672,3917,-3.8246312141418457
1656402916.270179,4025,21.659423828125
1656402952.8651917,4111,9.189970016479492
1656402960.0290167,4123,-9.288009643554688
1656402992.5640466,4183,11.449243545532227
1656402997.6606464,4194,5.195005416870117
1656403015.1803083,4229,-24.848241806030273
1656403062.3647988,4330,19.820425033569336
1656403173.215302,4566,19.913623809814453
1656403281.604422,4834,3.42815899848938
1656403400.6483233,5092,32.80094528198242
1656403419.4473584,5138,11.743325233459473
1656403445.701373,5189,12.376738548278809
1656403450.924542,5202,9.177477836608887
1656403476.9337783,5264,-11.803850173950195
1656403491.549487,5297,36.15045928955078
1656403522.5462976,5364,7.650803089141846
1656403564.8614144,5456,20.530921936035156
1656403669.6054733,5669,1.928497076034546
1656403748.60625,5834,14.213068962097168
1656403765.0436518,5868,24.83837890625
1656403770.321328,5881,25.1643123626709
1656403819.7141557,5983,16.356836318969727
1656403827.8136876,5999,21.2692928314209
1656403856.5001779,6055,28.18633270263672
1656403902.4052894,6140,6.189477443695068
1656403953.8131382,6227,11.220983505249023
1656403982.4607067,6281,6.4180450439453125
1656404011.8572261,6336,18.713008880615234
1656404032.6863098,6371,15.098405838012695
1656404168.772224,6571,6.526576042175293
1656404278.49263,6732,32.750816345214844
1656404293.2685053,6752,11.083670616149902
1656404368.8096635,6852,2.3693082332611084
1656404415.5679774,6921,24.97279930114746
1656404462.4446564,6993,21.832353591918945
1656404507.8909352,7056,-2.8939919471740723
1656404660.4060838,7255,-3.572659492492676
1656404804.0819151,7438,8.621471405029297
1656404816.7658744,7466,19.097658157348633
1656404862.342943,7545,-10.1083402633667
1656404930.4253764,7646,16.970502853393555
1656404985.989561,7732,-30.6261043548584
1656405002.5263972,7758,19.48863410949707
1656405031.2520368,7796,10.71734619140625
1656405161.954716,7988,30.782604217529297
1656405284.4167602,8124,15.036766052246094
1656405452.140606,8293,-0.8152138590812683
1656405698.9169312,8550,17.110883712768555
1656405705.506245,8556,53.396507263183594
1656405771.2051253,8620,-2.3574047088623047
1656405813.1037488,8661,0.9037518501281738
1656405847.4448295,8696,25.8743896484375
1656405874.2571993,8726,15.047486305236816
1656405900.4920886,8754,27.375146865844727
1656405920.135956,8778,0.03833859786391258
1656405923.2978354,8780,24.776336669921875
1656405961.1746156,8825,-12.094901084899902
1656405971.8147006,8835,52.95244598388672
1656406010.59123,8879,31.880128860473633
1656406164.5168219,9060,16.205509185791016
1656406247.4534607,9154,15.837204933166504
1656406333.2666023,9254,0.7525936961174011
1656406361.9590712,9293,49.2328987121582
1656406390.8191586,9329,-5.571155071258545
1656406423.565067,9361,40.12907791137695
1656406586.2434916,9549,27.48952293395996
1656406751.4886456,9714,-14.004111289978027
1656406791.48097,9755,23.12812042236328
1656406791.6354954,9756,-6.047616004943848
1656406868.5426915,9839,-12.93463134765625
1656406897.0819259,9869,35.00459289550781
1656406926.1864712,9896,0.6626299023628235
1656406944.7054596,9919,30.8834228515625
1656406978.201757,9951,5.050342559814453
1656407006.4683022,9975,30.455486297607422
1656407013.117626,9981,23.408655166625977
1656407100.1595988,10065,27.982397079467773
1656407129.3785837,10092,4.3074049949646
1656407156.350403,10123,34.14079666137695
1656407224.675228,10193,8.966004371643066
1656407372.993374,10344,18.64671516418457
1656407425.432517,10397,23.561464309692383
1656407477.00983,10447,21.000391006469727
1656407488.9511952,10460,40.61600875854492
1656407530.5198107,10503,19.139026641845703
1656407547.9833968,10520,43.49876022338867
1656407587.544495,10563,11.881210327148438
1656407662.9136798,10645,33.94208526611328
1656407664.9127076,10647,15.598064422607422
1656407721.9348562,10709,2.3124752044677734
1656407733.393193,10726,17.551002502441406
1656408012.0358071,11025,12.141145706176758
1656408083.2191281,11120,40.55548095703125
1656408173.6224103,11220,8.29481315612793
1656408273.641118,11333,35.04039001464844
1656408327.7977989,11396,21.419742584228516
1656408681.805608,11821,40.157875061035156
1656408722.927629,11869,29.462047576904297
1656408863.6406069,12029,33.7553825378418
1656408905.8731723,12078,34.35628128051758
1656409098.0963774,12318,10.433642387390137
1656409128.1566167,12356,25.367774963378906
1656409158.383187,12400,3.55444598197937
1656409158.9215856,12402,12.701312065124512
1656409225.9889185,12478,3.0238444805145264
1656409419.017573,12710,5.754630088806152
1656409590.2218552,12903,32.03589630126953
1656409593.417949,12907,1.7894718647003174
1656409625.7699056,12946,21.732776641845703
1656409922.7236915,13306,19.61538314819336
1656409989.5582275,13390,24.858415603637695
1656410012.9549084,13420,9.403553009033203
1656410101.678906,13524,9.366235733032227
1656410132.6018612,13552,37.92858123779297
1656410202.788296,13625,41.154457092285156
1656410222.0433383,13644,13.626618385314941
1656410227.5775552,13649,12.026703834533691
1656410375.0712254,13804,29.966516494750977
1656410418.4630756,13851,26.170320510864258
1656410555.286633,13973,21.711423873901367
1656410565.2197664,13982,10.747278213500977
1656410643.2879863,14048,28.27560806274414
1656410803.499703,14190,11.704768180847168
1656410818.7102876,14208,54.617881774902344
1656410888.1425264,14267,31.68621826171875
1656410994.5374093,14356,-10.473108291625977
1656411003.6313071,14363,45.06282043457031
1656411302.601057,14625,25.75535774230957
1656411327.5893345,14647,9.963353157043457
1656411440.076089,14747,30.7220516204834
1656411569.4163544,14853,16.20372772216797
1656411586.4776473,14866,24.981462478637695
1656411778.043297,15021,37.84160232543945
1656411835.923414,15067,50.417240142822266
1656411840.6474137,15072,43.17493438720703
1656411913.1745005,15126,32.04757308959961
1656411989.4663427,15187,61.59702682495117
1656412207.012951,15373,44.906524658203125
1656412504.2362473,15612,44.00484848022461
1656412537.383744,15640,90.33642578125
1656413300.1541562,16243,31.760753631591797
1656413496.7987812,16394,46.82307052612305
1656414071.9750073,16836,37.89641189575195
1656414113.8601434,16868,40.27423095703125
1656414130.1202037,16882,14.049137115478516
1656414135.1309714,16885,55.423824310302734
1656414164.8430688,16909,43.26736831665039
1656414216.632459,16949,53.81237030029297
1656414439.1937711,17122,38.756290435791016
1656414449.7174695,17129,85.61621856689453
1656414632.4601326,17265,29.905242919921875
1656414802.6137316,17396,51.139381408691406
1656415019.7554555,17565,40.047584533691406
1656415110.4849467,17634,37.866912841796875
1656415197.7167656,17699,37.73624801635742
1656415240.9820862,17733,22.975034713745117
1656415627.0290606,18007,49.930633544921875
1656415784.3389118,18123,36.2332878112793
1656415795.8792865,18131,60.84687042236328
1656415800.895408,18135,45.04379653930664
1656415806.639251,18139,92.84927368164062
1656416171.8482995,18407,33.97852325439453
1656416266.9266605,18483,62.94154739379883
1656416644.2641995,18761,35.84249496459961
1656416652.6129003,18767,60.49022674560547
1656416673.9307263,18782,13.907438278198242
1656416696.7374551,18797,65.89153289794922
1656416846.8748267,18906,78.41466522216797
1656417129.821283,19111,54.48139953613281
1656417135.4813955,19115,21.321125030517578
1656417250.8291323,19211,22.157686233520508
1656417396.6846383,19321,49.085693359375
1656417472.5057185,19379,61.069156646728516
1656417634.3242111,19503,53.66843032836914
1656417697.532745,19548,69.52410125732422
1656417791.9313262,19619,90.6891860961914
1656418078.6921742,19843,47.107845306396484
1656418185.1712918,19924,39.0307502746582
1656418289.487235,20001,95.4749984741211
1656418933.8746223,20495,56.92388153076172
1656419046.0426204,20580,62.964786529541016
1656419092.7484703,20620,43.60533142089844
1656419132.5138316,20648,23.10340690612793
1656419156.1104867,20668,38.08618927001953
1656419273.11754,20762,33.951812744140625
1656419367.8068554,20843,60.477455139160156
1656419535.1369312,20970,36.53953552246094
1656419549.4784753,20981,26.528703689575195
1656419576.453134,21002,39.3171501159668
1656419625.9098876,21038,84.39215087890625
1656419647.3230307,21054,56.96828079223633
1656419749.36591,21131,41.90752029418945
1656419920.4524121,21269,48.57123947143555
1656419977.0200388,21313,40.249916076660156
1656420460.062506,21678,16.72021484375
1656420986.4045112,22065,40.08743667602539
1656421124.712881,22164,76.75758361816406
1656421318.4420018,22309,-0.2567863464355469
1656421416.5420234,22382,4.276768684387207
1656421840.6792083,22704,97.73094940185547
1656421911.1865687,22758,60.34884262084961
1656422338.4495451,23073,28.511356353759766
1656422386.038403,23108,41.10453414916992
1656422669.0092576,23332,35.969642639160156
1656422770.6618514,23408,65.87875366210938
1656422772.4092944,23409,87.45508575439453
1656422890.7974198,23502,50.93104553222656
1656423004.5220299,23591,64.92459869384766
1656424115.1604805,24380,44.78527069091797
1656424239.0159304,24471,54.605228424072266
1656424245.8750024,24475,24.283344268798828
1656424272.1573818,24494,2.6961076259613037
1656424534.9901505,24706,17.932720184326172
1656424549.099185,24720,52.954200744628906
1656424602.332524,24760,32.21122741699219
1656424694.9778483,24830,53.20420455932617
1656424715.122141,24845,82.54531860351562
1656424756.7282429,24877,71.25303649902344
1656424765.4105694,24884,68.21754455566406
1656424842.3577428,24940,40.760868072509766
1656424903.7147489,24993,24.564252853393555
1656424979.1382446,25055,1.0948925018310547
1656425045.5131795,25114,21.24679946899414
1656425206.4074614,25251,18.558351516723633
1656425438.8061433,25446,80.14813232421875
1656425680.3314497,25651,40.031219482421875
1656425754.0781066,25705,10.823383331298828
1656425770.295105,25717,10.4844970703125
1656425829.8887932,25759,44.433292388916016
1656426055.2945561,25919,29.127235412597656
1656426070.1968217,25931,23.760610580444336
1656426492.6946573,26265,65.07274627685547
1656426539.2947707,26305,58.97334671020508
1656426633.0270092,26379,71.1549301147461
1656426694.9114172,26423,32.58443832397461
1656427003.0596092,26648,42.37831115722656
1656427063.5779564,26695,33.066139221191406
1656427218.0040793,26818,25.27726936340332
1656427399.5300639,26972,15.671207427978516
1656427451.1413188,27016,46.975955963134766
1656427469.491533,27031,39.42546081542969
1656427555.4735985,27106,43.75694274902344
1656427807.2478287,27310,87.20948791503906
1656427981.000566,27456,42.5109748840332
1656428064.8877895,27523,54.272178649902344
1656428192.3476877,27628,32.29177474975586
1656428224.6224575,27653,10.914244651794434
1656428393.449501,27794,53.055686950683594
1656428441.213712,27835,35.3143196105957
1656428510.8276072,27896,12.365140914916992
1656428650.7464871,28008,0.4310067594051361
1656428695.7528071,28047,29.400039672851562
1656428768.4027338,28104,35.819496154785156
1656429177.3336356,28454,14.717233657836914
1656429386.4542181,28617,61.7946662902832
1656429601.1915386,28796,29.582143783569336
1656429817.0123768,28974,35.896514892578125
1656429831.1126156,28986,66.09689331054688
1656430149.1618288,29261,41.08238983154297
1656430200.4189215,29312,18.706754684448242
1656430336.9990723,29433,35.611061096191406
1656430401.6284792,29492,2.2516021728515625
1656430488.4590807,29567,63.66592788696289
1656430551.921066,29622,26.911357879638672
1656430571.22337,29638,89.00648498535156
1656430616.4676,29673,30.331390380859375
1656430622.0120795,29679,35.78509521484375
1656430758.0622442,29786,79.95524597167969
1656430825.676853,29833,67.83362579345703
1656430851.9168513,29850,7.995085716247559
1656430891.2874763,29876,79.22896575927734
1656431029.747775,29976,39.55302810668945
1656431124.9861603,30057,32.277591705322266
1656431138.0769134,30069,29.25273323059082
1656431155.9040906,30082,26.447486877441406
1656431403.483503,30302,33.55356216430664
1656431442.7252405,30335,50.505558013916016
1656431877.7369692,30705,64.32293701171875
1656432106.995514,30894,62.50102233886719
1656432139.283642,30921,49.37498474121094
1656432191.3218741,30961,104.78997039794922
1656432202.8994288,30969,87.41524505615234
1656432253.271663,31008,62.957393646240234
1656432589.1856287,31246,75.7312240600586
1656432688.43725,31316,11.844897270202637
1656432778.4281487,31378,19.339366912841797
1656432827.3774285,31412,24.55592155456543
1656433102.1524677,31609,81.48628234863281
1656433174.093855,31662,64.38428497314453
1656433520.4509645,31904,22.20885467529297
1656433543.81634,31920,56.40147399902344
1656433598.8582256,31955,24.096111297607422
1656433635.858234,31978,41.985435485839844
1656433683.6900384,32016,19.727628707885742
1656434272.443188,32509,57.54831314086914
1656434350.8858185,32571,82.93909454345703
1656434647.0504847,32813,44.9642448425293
1656434663.6161823,32826,35.2487907409668
1656434665.182791,32827,17.650381088256836
1656434763.6958833,32904,42.30379104614258
1656434907.4058056,33014,55.85051727294922
1656435228.2684443,33281,51.3533935546875
1656435386.1623006,33410,36.467594146728516
1656435409.3555,33428,40.53455352783203
1656435734.2782743,33703,56.78679656982422
1656435868.3284469,33805,55.218013763427734
1656435958.705411,33866,29.985376358032227
1656435961.5726352,33868,16.386184692382812
1656435992.9890962,33888,71.84132385253906
1656436196.3726768,34023,42.3441276550293
1656436335.4992237,34109,40.38514709472656
1656436809.4299736,34466,4.260976314544678
1656436852.3010354,34501,50.18362045288086
1656437011.9932957,34625,27.84149742126465
1656437419.4466283,34933,39.67643737792969
1656437444.1374924,34951,27.344284057617188
1656437447.4397955,34953,57.58260726928711
1656437470.1542997,34969,32.082794189453125
1656437688.1932738,35142,41.283721923828125
1656437789.097153,35219,31.0499324798584
1656437981.4127636,35379,94.13551330566406
1656438096.873418,35466,22.72271156311035
1656438115.580459,35479,48.76938247680664
1656438210.7955196,35553,25.246360778808594
1656438246.2354636,35581,45.462032318115234
1656438314.1321766,35637,29.359304428100586
1656438401.0162334,35706,32.304443359375
1656438613.1740303,35876,18.149635314941406
1656438661.6738424,35915,48.597076416015625
1656438707.142716,35950,24.758548736572266
1656438783.4930296,36010,30.41039276123047
1656439394.551747,36503,30.417705535888672
1656439528.9819906,36614,26.905092239379883
1656439553.5359912,36633,44.3974494934082
1656439634.4020452,36696,30.718645095825195
1656439874.988982,36888,31.068172454833984
1656439877.959158,36890,51.246238708496094
1656439881.8303854,36893,28.388580322265625
1656439895.5377219,36905,15.349979400634766
1656439912.5820856,36919,69.42621612548828
1656440010.8590982,36998,53.55070114135742
1656440089.5732274,37067,21.3257999420166
1656440106.2952158,37081,29.367998123168945
1656440151.2172916,37118,32.04768371582031
1656440236.4538128,37184,63.0499382019043
1656440636.8157785,37500,53.020164489746094
1656440853.45609,37676,33.49354934692383
1656440951.9045813,37751,39.56816864013672
1656441033.6398404,37810,42.983089447021484
1656441203.6809301,37939,31.949317932128906
1656441752.5626714,38388,16.277727127075195
1656441753.6493833,38389,42.2747802734375
1656441780.7133892,38410,13.764945030212402
1656441877.731034,38489,59.48743438720703
1656441969.6339023,38565,9.006025314331055
1656442273.8829796,38807,33.69881057739258
1656442313.0979605,38841,14.300103187561035
1656442364.9056518,38882,28.95887565612793
1656442385.1393135,38900,83.40729522705078
1656442548.811702,39027,22.093852996826172
1656442831.8790145,39240,14.865726470947266
1656443143.0519104,39479,79.23529815673828
1656443234.4044976,39553,73.44793701171875
1656443282.3141778,39590,59.59829330444336
1656443449.2485223,39714,23.53394889831543
1656443863.4004643,40032,34.9261360168457
1656443956.1553197,40112,50.65269470214844
1656444033.1146486,40176,24.537839889526367
1656444107.4151063,40238,26.992956161499023
1656444125.3379927,40251,32.36725616455078
1656444219.0819588,40328,55.547691345214844
1656444223.894911,40334,16.393672943115234
1656444324.6042736,40418,71.21754455566406
1656444450.2541997,40524,17.58763313293457
1656444466.527142,40542,14.872554779052734
1656444528.351176,40595,-3.415306568145752
1656444556.1195266,40619,56.07868576049805
1656444771.3314369,40795,22.188508987426758
1656444780.0014179,40803,45.9383659362793
1656444837.6840687,40851,23.161457061767578
1656444945.6515894,40944,38.3807258605957
1656445107.599179,41072,28.340478897094727
1656445111.8333335,41075,34.91852569580078
1656445114.5943942,41079,40.730777740478516
1656445384.0285087,41293,25.42951202392578
1656445502.1242504,41376,24.839542388916016
1656445628.412932,41475,47.48942184448242
1656445708.429989,41538,63.96440124511719
1656445714.6358693,41543,33.761837005615234
1656445748.1676595,41568,38.85560607910156
1656446026.3693085,41774,45.485862731933594
1656446219.0655828,41914,13.924660682678223
1656446307.7368355,41970,19.843122482299805
1656446370.8615828,42014,39.29582977294922
1656446506.6781309,42120,22.540693283081055
1656446520.2794085,42130,15.714624404907227
1656446524.0545125,42133,45.883460998535156
1656446963.6657429,42463,106.61490631103516
1656447062.9782288,42537,66.77177429199219
1656447477.4768379,42857,45.91328811645508
1656447537.924711,42902,30.29924201965332
1656447600.6876125,42953,20.878917694091797
1656447846.88078,43140,1.218875765800476
1656447972.7038503,43233,69.02584075927734
1656448057.7244668,43298,35.65055465698242
1656448396.612032,43556,29.122377395629883
1656448474.5211394,43613,92.10264587402344
1656448695.2293658,43779,57.01234817504883
1656448824.4246948,43882,29.734580993652344
1656449336.4996083,44257,25.43782615661621
1656449374.0150316,44285,53.15578079223633
1656449458.9464793,44351,29.426929473876953
1656449476.5071158,44365,30.875572204589844
1656449605.2717776,44465,27.40388298034668
1656449631.401073,44486,58.930694580078125
1656449683.6384308,44524,53.509952545166016
1656449817.4187665,44626,4.296176910400391
1656449927.4350817,44713,63.66611099243164
1656449947.1131756,44726,49.378150939941406
1656449956.6118865,44732,59.003623962402344
1656450000.7827015,44763,28.14592742919922
1656450288.8523371,44978,47.208560943603516
1656450338.920103,45016,95.16512298583984
1656450382.8857234,45047,35.04130172729492
1656450813.8957393,45387,47.695587158203125
1656450875.9421566,45429,55.21205139160156
1656451012.7491763,45532,45.87999725341797
1656451062.7391849,45573,66.16757202148438
1656451322.9549274,45759,63.3311767578125
1656452025.6129067,46276,33.2496452331543
1656452298.0655403,46494,35.17348098754883
1656452316.5803401,46506,54.322288513183594
1656452479.5017447,46612,45.16828155517578
1656452653.797786,46724,62.878360748291016
1656452907.4754415,46876,59.5052490234375
1656452931.4973364,46892,29.997657775878906
1656452959.6604984,46912,36.159568786621094
1656453133.7659361,47019,31.3090763092041
1656453174.2592163,47048,42.328189849853516
1656453198.5479681,47065,32.984153747558594
1656453203.9249089,47069,0.3102514147758484
1656453224.6488237,47085,73.13677215576172
1656453262.7691054,47114,55.10187911987305
1656453324.4333968,47161,57.63840103149414
1656453348.7922695,47180,36.90950012207031
1656453515.7052302,47306,59.146148681640625
1656453574.3300273,47350,46.843360900878906
1656453723.6030462,47461,19.429662704467773
1656453846.9412317,47548,69.94037628173828
1656453932.008161,47613,67.63270568847656
1656453950.5648358,47627,60.05972671508789
1656454149.831497,47779,54.701534271240234
1656454442.5575104,48001,47.350669860839844
1656454701.7496622,48191,27.721294403076172
1656454713.1088746,48200,67.46829223632812
1656454777.9536219,48249,46.491580963134766
1656454955.3518894,48387,40.85850524902344
1656455114.3500454,48512,51.530704498291016
1656455285.2813752,48637,18.946308135986328
1656455362.1739473,48698,23.448749542236328
1656455390.9498293,48719,41.841068267822266
1656455569.7801278,48845,53.19436264038086
1656455911.4735436,49095,72.08654022216797
1656456007.0975685,49167,39.08282470703125
1656456057.005376,49203,13.639819145202637
1656456148.3967628,49270,39.497379302978516
1656456205.3646502,49316,55.279022216796875
1656456429.665032,49485,57.57881164550781
1656456490.4641397,49529,51.23515319824219
1656456702.6583116,49693,47.19377136230469
1656456718.2939725,49704,51.961814880371094
1656456785.2032044,49754,82.85350799560547
1656456920.1509967,49855,46.606197357177734
1656456935.2734592,49866,77.39407348632812
1656457063.2398322,49963,42.567054748535156
1656457085.1530964,49977,49.22978591918945
1656457137.8012664,50012,43.61099624633789
1656457472.8474545,50263,53.64450454711914
1656457554.2280838,50324,52.552799224853516
1656457796.1737564,50507,17.675682067871094
1656457923.9961689,50600,38.389556884765625
1656457930.5593061,50605,36.574581146240234
1656457980.7386484,50641,43.76601028442383
1656458061.1419923,50699,38.41869354248047
1656458138.5747538,50754,53.65458297729492
1656458152.1718569,50763,65.95929718017578
1656458333.8305848,50901,19.186941146850586
1656458592.7533157,51096,35.60662078857422
1656459100.4588325,51470,65.50098419189453
1656459546.026736,51799,64.96231842041016
1656459729.4254458,51932,36.47150421142578
1656459737.72477,51938,18.58501625061035
1656459756.6395986,51952,49.208980560302734
1656459786.6639915,51973,78.35335540771484
1656459846.887684,52015,55.49592971801758
1656460140.1292217,52231,3.3455934524536133
1656460185.6265492,52265,78.1008529663086
1656460308.47804,52354,37.43429946899414
1656460326.1343267,52366,19.63736915588379
1656460374.0867014,52401,39.94591522216797
1656460565.2944105,52541,66.18690490722656
1656460576.7188275,52549,79.09040832519531
1656460703.676892,52643,23.665340423583984
1656460737.069964,52668,15.628497123718262
1656461145.5477302,52969,63.12297439575195
1656461302.7416484,53084,38.54156494140625
1656461513.7711637,53256,46.57044982910156
1656461997.4047327,53625,29.301424026489258
1656462245.1647317,53812,29.213336944580078
1656462475.209573,53984,23.42668914794922
1656462552.3113472,54043,49.281585693359375
1656462689.9315767,54149,52.62189483642578
1656463098.0451176,54460,14.32992935180664
1656463266.1504514,54590,64.97517395019531
1656463271.6724865,54594,78.7564926147461
1656463288.5674453,54607,80.01334381103516
1656463503.1242995,54768,54.82997131347656
1656463897.9066734,55067,12.89721393585205
1656463918.5494814,55081,46.40499496459961
1656463973.894789,55122,42.13851547241211
1656464013.2414613,55150,31.621952056884766
1656464027.299528,55159,73.42093658447266
1656464168.8967013,55263,67.71988677978516
1656464307.2135065,55369,30.413976669311523
1656464485.712759,55501,30.7904052734375
1656464597.8009188,55585,86.73855590820312
1656464602.2975454,55588,60.23363494873047
1656464655.1111917,55631,44.756195068359375
1656464775.51505,55720,38.70042037963867
1656464981.3338883,55872,46.55116653442383
1656465130.572339,55984,13.782037734985352
1656465170.637713,56013,43.65361404418945
1656465341.193389,56134,50.46155548095703
1656465389.269109,56170,63.61872863769531
1656465448.3779619,56212,87.15987396240234
1656465564.6404247,56293,71.85150146484375
1656465831.369618,56479,36.544898986816406
1656465837.758722,56483,50.17324447631836
1656465846.1898904,56489,29.419862747192383
1656466278.9180176,56793,34.57415771484375
1656466281.642111,56795,31.99421501159668
1656466465.966566,56934,65.2608413696289
1656466496.7412133,56961,78.25440216064453
1656466632.9492593,57068,17.699003219604492
1656466936.5705054,57303,45.43191146850586
1656467087.6123288,57414,56.39992141723633
1656467145.2292798,57453,32.57236099243164
1656467590.7039921,57794,20.849634170532227
1656467730.894835,57900,20.233755111694336
1656467792.697387,57946,64.40274047851562
1656467823.1842418,57968,34.164894104003906
1656467841.4975386,57980,63.46099090576172
1656468101.9950283,58172,10.9257230758667
1656468364.351957,58369,-0.34913453459739685
1656468407.8625987,58399,104.43280029296875
1656468417.8402503,58407,56.670406341552734
1656468471.7853692,58449,35.024925231933594
1656468701.0948653,58617,29.243886947631836
1656468754.9873438,58657,70.97469329833984
1656468853.2485209,58732,35.485774993896484
1656468904.7175171,58768,40.313873291015625
1656469046.1726158,58867,51.708984375
1656469314.058409,59059,41.38064956665039
1656469703.4662404,59342,76.53961944580078
1656469894.3858576,59487,22.2348690032959
1656469990.3004496,59555,53.08802032470703
1656470566.9012659,59974,66.69258880615234
1656470603.6004984,60003,84.17129516601562
1656470830.354438,60181,50.03254318237305
1656470962.2435062,60282,66.42853546142578
1656471162.9193485,60433,39.53273010253906
1656471855.1553404,60960,42.67896270751953
1656472131.457479,61180,57.16368103027344
1656472183.0390036,61221,69.01824951171875
1656472394.193816,61388,75.07305908203125
1656472409.0166209,61400,46.60341262817383
1656472727.5110562,61662,49.233638763427734
1656472814.4113336,61727,55.54763412475586
1656472833.4624388,61744,35.54766082763672
1656473045.6675699,61906,9.835525512695312
1656473134.0395288,61971,29.303178787231445
1656473162.3634965,61992,60.722660064697266
1656473240.8735132,62054,36.10667419433594
1656473274.899662,62083,22.616989135742188
1656473622.1707087,62346,43.96152877807617
1656473682.0830152,62388,35.12870788574219
1656473890.9531488,62560,94.67974090576172
1656473892.789233,62562,9.569052696228027
1656474237.294717,62822,44.767913818359375
1656474435.631685,62970,45.40474319458008
1656474568.9282713,63073,22.65701675415039
1656474667.780915,63152,25.488176345825195
1656474795.8855677,63250,40.408050537109375
1656475208.9264126,63570,53.484519958496094
1656475278.4006255,63624,22.189353942871094
1656475361.2723598,63689,56.21786880493164
1656475663.439135,63907,50.555118560791016
1656475921.3266182,64093,58.72172546386719
1656475970.912075,64130,36.06013488769531
1656476463.2819068,64501,64.76878356933594
1656476605.955893,64600,45.144962310791016
1656476646.28343,64631,15.670086860656738
1656477004.9862766,64896,81.10653686523438
1656477050.737458,64930,26.921592712402344
1656477604.3621254,65327,19.655588150024414
1656477665.3695662,65374,49.048927307128906
1656477728.1501117,65419,16.920507431030273
1656477768.2461975,65447,37.21430969238281
1656477772.432132,65450,41.7587776184082
1656477921.2570016,65560,22.045589447021484
1656478109.8840182,65686,41.83266830444336
1656478161.427964,65724,34.09664535522461
1656478201.3297381,65755,53.69802474975586
1656478323.8213499,65843,27.37398910522461
1656478343.14934,65860,53.181549072265625
1656478445.4018183,65935,23.463754653930664
1656478476.82435,65958,44.794517517089844
1656478515.6922534,65989,29.340866088867188
1656478686.7499273,66115,59.33500289916992
1656478819.9561338,66212,70.84231567382812
1656478845.1595466,66232,20.87602996826172
1656478863.0390124,66246,47.8643684387207
1656478924.5925548,66294,9.194862365722656
1656479213.0266259,66511,32.9310302734375
1656479378.7724183,66635,60.22228240966797
1656479404.3846421,66654,73.84613800048828
1656479421.3082445,66666,64.27505493164062
1656479443.4983785,66682,50.56135559082031
1656479465.8845446,66699,50.931949615478516
1656479522.8111048,66741,61.493812561035156
1656479527.5917618,66744,52.32225799560547
1656479581.8618507,66782,48.952171325683594
1656480005.750513,67092,23.715639114379883
1656480206.8755271,67239,46.46604919433594
1656480265.0789602,67283,26.878705978393555
1656480405.722284,67388,65.28811645507812
1656480576.8360722,67513,60.14307403564453
1656480594.9508653,67525,45.12864685058594
1656481028.607152,67836,56.88613510131836
1656481063.2058568,67862,42.56105422973633
1656481116.7368476,67900,62.55594253540039
1656481241.106807,67996,44.70732498168945
1656481348.167514,68071,70.3536376953125
1656481509.6631408,68190,43.47182846069336
1656481669.001318,68313,42.813968658447266
1656481748.1117518,68370,33.05647659301758
1656481845.5345922,68440,97.17920684814453
1656481870.542343,68458,41.18287658691406
1656482046.5599585,68589,58.351966857910156
1656482090.3999965,68621,65.47567749023438
1656482094.7411988,68625,62.04389953613281
1656482150.8316052,68666,94.31168365478516
1656482378.147158,68828,50.96091842651367
1656482724.874459,69068,47.49338912963867
1656482730.5806396,69073,48.98103713989258
1656482956.7438698,69236,89.23811340332031
1656483097.3689888,69338,69.66287994384766
1656483223.5643134,69429,62.66643142700195
1656483267.7629955,69462,53.162776947021484
1656483364.0651073,69531,60.41291046142578
1656483518.4262924,69642,56.0198974609375
1656483567.5981467,69677,48.72181701660156
1656483721.906508,69787,15.984884262084961
1656483775.3374507,69824,73.4908676147461
1656484294.0240269,70197,13.979631423950195
1656484497.2976592,70341,61.97571563720703
1656484527.478912,70362,64.910400390625
1656484852.6196127,70590,30.02503776550293
1656484860.3995297,70595,105.20394134521484
1656484922.1809375,70639,63.2474479675293
1656484938.9999266,70652,103.28864288330078
1656485063.381457,70743,9.30068588256836
1656485254.0346231,70877,47.577144622802734
1656485362.6087315,70953,74.01687622070312
1656485373.0886824,70960,43.310550689697266
1656485467.3904095,71015,46.07512664794922
1656485580.083329,71083,35.776302337646484
1656485707.345234,71161,86.77896118164062
1656485781.9038284,71208,45.5988655090332
1656485870.1231422,71258,44.01979446411133
1656486048.252071,71358,17.67404556274414
1656486580.1621525,71696,80.18907928466797
1656486689.9567964,71770,48.62336349487305
1656486755.4099293,71814,76.79961395263672
1656486787.0638897,71835,82.08992767333984
1656486921.701246,71925,63.652305603027344
1656487180.664497,72104,17.958213806152344
1656487458.863217,72291,88.6541976928711
1656487819.1473083,72552,58.35657501220703
1656487870.840909,72587,74.0436782836914
1656487923.333183,72622,119.05724334716797
1656487959.2162974,72648,41.37684631347656
1656488618.2815862,73126,84.79527282714844
1656488731.2439048,73206,40.589012145996094
1656488781.8755767,73244,51.879676818847656
1656489064.2319672,73455,73.01089477539062
1656489113.2866356,73494,29.49563217163086
1656489213.6235824,73567,60.18584060668945
1656489375.1503792,73688,77.00051879882812
1656489585.4358604,73840,80.5417709350586
1656489648.0206153,73887,33.6390495300293
1656489698.2728992,73917,67.68394470214844
1656489710.278989,73924,10.640695571899414
1656489744.6838276,73945,51.93627166748047
1656489904.1999679,74036,45.96110534667969
1656489907.9251876,74038,47.63799285888672
1656490107.9158874,74152,43.236724853515625
1656490179.149203,74194,74.02494812011719
1656490371.361269,74308,21.570226669311523
1656490539.307704,74414,12.769858360290527
1656490650.1054616,74484,44.96937561035156
1656490831.6857677,74596,59.51477813720703
1656491008.0885806,74720,48.83469009399414
1656491059.6183484,74758,47.00925064086914
1656491200.9889889,74859,43.00086975097656
1656491403.365246,75007,59.74709701538086
1656491532.5609663,75099,42.46756362915039
1656491551.583815,75112,61.443077087402344
1656491594.6126013,75148,61.38295364379883
1656491647.6473033,75186,38.68263244628906
1656491677.4592972,75207,48.11868667602539
1656491920.746646,75371,56.54521560668945
1656492027.670833,75444,71.90377044677734
1656492103.0464122,75499,13.292134284973145
1656492200.7765567,75567,55.6539421081543
1656492267.8740585,75614,74.72327423095703
1656492376.198713,75687,73.75234985351562
1656492762.6291397,75962,33.00750732421875
1656492834.314751,76007,73.40852355957031
1656493127.185388,76220,88.89177703857422
1656493128.7383301,76221,52.5399055480957
1656493250.758798,76308,16.780824661254883
1656493501.4730842,76489,40.3709716796875
1656493565.232669,76533,45.161224365234375
1656493642.5260806,76589,58.146480560302734
1656493929.9251776,76795,49.45979690551758
1656494133.5467973,76939,81.04061126708984
1656494239.6509242,77014,65.73648834228516
1656494267.7073786,77034,74.52149963378906
1656494422.887405,77147,75.02470397949219
1656494928.8005764,77508,38.68644714355469
1656495000.3240986,77557,88.11181640625
1656495004.6239526,77560,26.689395904541016
1656495081.4426982,77611,68.58917999267578
1656495368.134777,77808,49.013458251953125
1656495582.2686062,77952,62.40620422363281
1656495715.7867846,78041,34.84727478027344
1656495743.6932356,78062,10.277881622314453
1656495783.9820635,78091,57.361328125
1656495863.4713228,78146,24.139020919799805
1656495929.5023801,78188,66.21763610839844
1656495989.0633535,78231,28.209440231323242
1656496053.0342,78277,36.33037185668945
1656496125.4099705,78331,23.93988609313965
1656496155.0634978,78351,85.58888244628906
1656496158.8908644,78354,18.325218200683594
1656496262.3948867,78425,46.21034240722656
1656496280.1141982,78437,52.089500427246094
1656496394.7667382,78519,39.267967224121094
1656496399.4600847,78522,31.568296432495117
1656496499.2529714,78592,60.44932174682617
1656496568.91696,78640,18.150936126708984
1656496715.6010115,78747,64.21466064453125
1656496728.4338672,78757,66.61306762695312
1656496968.6041522,78940,21.943452835083008
1656497142.0017395,79062,49.98685073852539
1656497268.2214577,79150,54.732337951660156
1656497268.7175236,79151,29.855833053588867
1656497306.6179655,79180,26.294958114624023
1656497374.9331977,79232,13.246451377868652
1656497828.5231616,79556,42.4463005065918
1656497859.9727848,79579,37.07156753540039
1656498325.7208438,79867,55.074607849121094
1656498873.4466453,80251,57.85932159423828
1656498925.9551947,80291,26.85044288635254
1656499186.5724833,80475,45.1732063293457
1656499212.9302723,80495,14.85368824005127
1656499291.0248253,80547,71.72332000732422
1656500154.9049695,81144,52.21940994262695
1656500404.1986716,81317,39.10881805419922
1656500418.2927787,81327,44.07944869995117
1656500482.2603636,81370,82.32129669189453
1656500483.9319892,81371,59.227333068847656
1656500582.04356,81439,60.265663146972656
1656500840.4306977,81617,51.44808578491211
1656500990.1815038,81723,30.612390518188477
1656501554.1806996,82115,61.37456130981445
1656501746.5604117,82253,48.75960922241211
1656502065.7529955,82484,50.54851150512695
1656502172.1526625,82559,80.44609069824219
1656502391.8037832,82710,71.5285415649414
1656502444.654104,82750,33.53059387207031
1656502723.0031152,82952,12.621111869812012
1656503010.2629647,83152,43.1740837097168
1656503040.0044353,83171,65.83975219726562
1656503048.5362713,83178,64.20063781738281
1656503252.9602373,83326,82.34616088867188
1656503764.57318,83651,23.27320098876953
1656503995.3434854,83797,68.32681274414062
1656504001.690712,83801,43.13786315917969
1656504151.0290184,83906,39.55305862426758
1656504209.2617466,83949,34.913578033447266
1656504237.3640833,83972,55.530643463134766
1656504263.831974,83991,78.68480682373047
1656504334.1062796,84041,19.691709518432617
1656504666.2414243,84283,39.17974090576172
1656504836.7901719,84396,67.92305755615234
1656504939.8906474,84462,96.50325775146484
1656505172.0418472,84627,62.49543762207031
1656505208.3803806,84652,72.5731201171875
1656505438.2424963,84824,25.746553421020508
1656505452.48955,84834,32.33711624145508
1656505482.6068761,84860,51.40769958496094
1656505708.5638797,85032,21.326889038085938
1656505840.7019267,85129,25.872695922851562
1656505894.2315674,85167,36.39665603637695
1656505938.3794665,85199,55.46564865112305
1656506243.7934346,85422,70.8889389038086
1656506284.5821583,85450,72.55986785888672
1656506417.688294,85548,35.03604507446289
1656506470.3201902,85585,59.65804672241211
1656506502.1336217,85607,64.2534408569336
1656506633.1359818,85686,29.23362159729004
1656506793.2526953,85786,3.8119170665740967
1656506809.511221,85796,63.327083587646484
1656506907.9598677,85862,55.83107376098633
1656507017.29726,85945,93.18235778808594
1656507401.4267511,86224,32.35929870605469
1656507637.1857295,86398,55.10272216796875
1656507644.7667649,86404,66.0403060913086
1656507667.609173,86423,77.7450942993164
1656507902.9868963,86594,46.160640716552734
1656507980.6537728,86647,49.65329360961914
1656507997.0329924,86660,38.57094955444336
1656508071.7691674,86718,34.50321960449219
1656508276.0083497,86869,31.450651168823242
1656508311.907892,86896,63.55391311645508
1656508372.6617954,86941,31.372255325317383
1656508555.8829396,87078,39.46501541137695
1656508678.1281817,87172,33.04802322387695
1656508884.119367,87323,36.08960723876953
1656508909.6063237,87341,68.92761993408203
1656509231.994348,87577,25.573307037353516
1656509383.6214106,87690,65.89105987548828
1656509520.4952123,87793,49.92741394042969
1656509523.0845299,87795,39.46473693847656
1656509524.721015,87796,71.17402648925781
1656509683.5663006,87911,43.291866302490234
1656509698.6655316,87921,52.40008544921875
1656509947.2202058,88099,69.22177124023438
1656510124.288452,88226,66.45850372314453
1656510247.8526673,88315,30.003931045532227
1656510557.5867295,88534,66.20272827148438
1656510590.8778484,88559,76.0296401977539
1656510966.566487,88834,45.693824768066406
1656511771.9090056,89364,35.094505310058594
1656511884.7587354,89448,42.193450927734375
1656512152.8814871,89645,34.88587951660156
1656512305.1682208,89755,44.97666931152344
1656512697.5928605,90046,114.31166076660156
1656512828.7564929,90143,52.76704025268555
1656512872.6792648,90174,68.986572265625
1656512895.348355,90191,79.40692138671875
1656512988.5503907,90255,59.87649917602539
1656513305.745384,90460,43.343833923339844
1656513310.3745077,90463,30.56492805480957
1656513496.511861,90579,45.95701599121094
1656513507.445338,90586,71.53142547607422
1656513620.9485304,90656,17.02922248840332
1656513874.250263,90808,40.09679412841797
1656513900.117277,90824,52.245689392089844
1656514026.0444782,90902,23.733739852905273
1656514108.4773495,90952,40.469947814941406
1656514180.827069,90995,50.20643997192383
1656514191.6980627,91003,6.256997108459473
1656514312.0488975,91082,65.0433120727539
1656514868.6088612,91422,11.064362525939941
1656515012.0815756,91508,48.86560821533203
1656515335.6966023,91739,74.009765625
1656515351.993868,91750,79.72295379638672
1656515488.1135669,91852,37.68679428100586
1656515706.8521285,91995,47.629478454589844
1656516017.067771,92189,7.62787389755249
1656516115.4526038,92255,19.27189826965332
1656516116.1999838,92256,35.02785110473633
1656516121.987473,92261,64.52207946777344
1656516132.4550335,92268,56.85115432739258
1656516303.344106,92388,21.08431625366211
1656516823.215389,92753,34.862491607666016
1656516860.789566,92778,19.794755935668945
1656516929.7741146,92825,70.8006362915039
1656517239.7687542,93043,44.324527740478516
1656517369.444412,93135,35.41164779663086
1656517690.907752,93357,10.970189094543457
1656517938.800722,93529,54.648223876953125
1656518201.519449,93717,61.95705032348633
1656518266.9704163,93761,78.07528686523438
1656518277.48885,93769,24.65570068359375
1656518615.9810195,94007,31.616653442382812
1656518626.5727684,94015,84.45913696289062
1656518839.8547797,94167,33.35042190551758
1656518910.848535,94215,18.2996883392334
1656519142.2688062,94376,28.160619735717773
1656519255.6470826,94453,4.527217864990234
1656519282.2568588,94473,42.44295120239258
1656519327.110006,94502,59.351806640625
1656519523.118252,94638,34.95621109008789
1656519643.2454872,94719,56.27804946899414
1656519864.2692108,94875,73.64720916748047
1656520028.8035452,94992,56.698123931884766
1656520161.6296,95086,50.89419937133789
1656520397.3203015,95239,24.702476501464844
1656520532.2557712,95323,48.758689880371094
1656520620.8850436,95378,80.7643814086914
1656520731.6725705,95445,73.90061950683594
1656521084.0315008,95690,47.37813949584961
1656521141.574898,95730,26.024232864379883
1656521214.9812245,95780,42.13945770263672
1656521296.4373784,95838,71.30156707763672
1656521669.1819708,96103,106.3133773803711
1656521733.5279222,96150,72.61198425292969
1656522445.212473,96635,21.688474655151367
1656522805.7469125,96885,44.495445251464844
1656522867.46347,96926,35.861778259277344
1656523003.0497782,97016,30.25384521484375
1656523012.4385877,97022,55.84152603149414
1656523650.155348,97466,47.50412368774414
1656524092.9927652,97755,-2.8347840309143066
1656524180.5575252,97809,43.76091003417969
1656524331.2304451,97903,85.500732421875
1656524522.1011145,98027,12.065208435058594
1656524576.9218354,98067,-2.6155052185058594
1656524665.7941923,98131,82.74869537353516
1656524667.3844256,98132,42.24201202392578
1656524791.9947011,98220,64.0692138671875
1656524855.541278,98266,35.96839904785156
1656524943.583894,98327,46.634647369384766
1656524964.4322257,98340,39.07759094238281
1656525205.2322402,98512,5.64828634262085
1656525247.9968202,98541,67.74775695800781
1656525401.1718886,98647,55.60333251953125
1656525970.2826893,99053,90.47808074951172
1656525992.903623,99070,52.197364807128906
1656526046.0310566,99104,66.67851257324219
1656526076.6662695,99126,20.39981460571289
1656526112.7581685,99155,28.83856773376465
1656526203.3875825,99214,55.318397521972656
1656526381.6741803,99343,35.25772476196289
1656526495.041301,99422,54.56722640991211
1656526537.2881138,99451,56.358516693115234
1656526712.364845,99577,31.07268524169922
1656527049.8528936,99819,20.591144561767578
1656527234.5548327,99953,21.303466796875
1656527267.0667398,99975,59.6497688293457
1656527289.376264,99991,70.59224700927734
1656527302.6348891,100001,54.19246292114258
